-- phpMyAdmin SQL Dump
-- version 4.0.10deb1
-- http://www.phpmyadmin.net
--
-- Хост: localhost
-- Время создания: Фев 01 2016 г., 22:13
-- Версия сервера: 5.5.46-0ubuntu0.14.04.2-log
-- Версия PHP: 5.5.9-1ubuntu4.14

SET SQL_MODE = "NO_AUTO_VALUE_ON_ZERO";
SET time_zone = "+00:00";


/*!40101 SET @OLD_CHARACTER_SET_CLIENT=@@CHARACTER_SET_CLIENT */;
/*!40101 SET @OLD_CHARACTER_SET_RESULTS=@@CHARACTER_SET_RESULTS */;
/*!40101 SET @OLD_COLLATION_CONNECTION=@@COLLATION_CONNECTION */;
/*!40101 SET NAMES utf8 */;

--
-- База данных: `autoparts`
--

--
-- Дамп данных таблицы `categories`
--

INSERT INTO `categories` (`id`, `slug`, `parent_id`, `name`, `tecdoc_ids`, `level`, `sorting`) VALUES
(595, 'zapchasti-dlja-to-595', NULL, 'Запчасти для ТО', NULL, 0, NULL),
(596, 'zapchasti-dlja-to-596', 595, 'Запчасти для ТО', NULL, 1, NULL),
(597, 'masljanyj-filtr-597', 596, 'Масляный фильтр', '7,3502,3503,3648', 2, NULL),
(598, 'vozdushnyj-filtr-598', 596, 'Воздушный фильтр', '8', 2, NULL),
(599, 'toplivnyj-filtr-599', 596, 'Топливный фильтр', '9,2944', 2, NULL),
(600, 'filtr-salona-600', 596, 'Фильтр салона', '4393,424', 2, NULL),
(601, 'svechi-zazhiganija-601', 596, 'Свечи зажигания', '5020,686,243', 2, NULL),
(602, 'tormoznye-kolodki-602', 596, 'Тормозные колодки', '70,1336,402,1419,3405,4623,281,3529,1535', 2, NULL),
(603, 'tormoznye-diski-603', 596, 'Тормозные диски', '54547,82,3531', 2, NULL),
(604, 'svechi-nakalivanija-604', 596, 'Свечи накаливания', '243', 2, NULL),
(605, 'schetka-stekloochistitelja-605', 596, 'Щетка стеклоочистителя', '298,836,4680', 2, NULL),
(606, 'motornoe-maslo-606', 596, 'Моторное масло', '1862,3224', 2, NULL),
(607, 'antifriz-607', 596, 'Антифриз', '3356,1602,2079', 2, NULL),
(608, 'remen-grm-608', 596, 'Ремень ГРМ', '306,3569', 2, NULL),
(609, 'komplekt-grm-609', 596, 'Комплект ГРМ', '307', 2, NULL),
(610, 'rolik-natjazhitelja-remnja-grm-610', 596, 'Ролик натяжителя ремня ГРМ', '308', 2, NULL),
(611, 'tormoznaja-sistema-611', NULL, 'Тормозная система', NULL, 0, NULL),
(612, 'tormoznye-elementy-612', 611, 'Тормозные элементы', NULL, 1, NULL),
(613, 'tormoznye-kolodki-613', 612, 'Тормозные колодки', '70,1336,402,1419,2529,281,3529,1535', 2, NULL),
(614, 'tormoznye-diski-614', 612, 'Тормозные диски', '54547,82,3531', 2, NULL),
(615, 'tormoznoj-baraban-615', 612, 'Тормозной барабан', '22049,123', 2, NULL),
(616, 'tros-ruchnogo-tormoza-616', 612, 'Трос ручного тормоза', '124', 2, NULL),
(617, 'gidravlika-tormoznoj-sistemy-617', 611, 'Гидравлика тормозной системы', NULL, 1, NULL),
(618, 'tormoznoj-support-618', 617, 'Тормозной суппорт', '78,5152', 2, NULL),
(619, 'rabochij-tormoznoj-cilindr-619', 617, 'Рабочий тормозной цилиндр', '277', 2, NULL),
(620, 'glavnyj-tormoznoj-cilindr-620', 617, 'Главный тормозной цилиндр', '258', 2, NULL),
(621, 'remkomplekt-glavnogo-tormoznogo-cilindra-621', 617, 'Ремкомплект главного тормозного цилиндра', '276', 2, NULL),
(622, 'usilitel-tormoznoj-sistemy-622', 617, 'Усилитель тормозной системы', '74', 2, NULL),
(623, 'raspredelitel-tormoznyh-usilij-623', 617, 'Распределитель тормозных усилий', '5326', 2, NULL),
(624, 'tormoznaja-trubka-624', 617, 'Тормозная трубка', '515', 2, NULL),
(625, 'tormoznoj-shlang-625', 617, 'Тормозной шланг', '83,3374,2082', 2, NULL),
(626, 'elektronnye-komponenty-626', 611, 'Электронные компоненты', NULL, 1, NULL),
(627, 'datchik-abs-627', 626, 'Датчик АБС', '412', 2, NULL),
(628, 'datchik-iznosa-tormoznyh-kolodok-628', 626, 'Датчик износа тормозных колодок', '3400,407', 2, NULL),
(629, 'dvigatel-i-sistema-vyhlopa-629', NULL, 'Двигатель и Система выхлопа', NULL, 0, NULL),
(630, 'detali-dvigatelja-630', 629, 'Детали двигателя', NULL, 1, NULL),
(631, 'porshen-631', 630, 'Поршень', '443', 2, NULL),
(632, 'komplekt-salnikov-klapanov-632', 630, 'Комплект сальников клапанов', '323', 2, NULL),
(633, 'klapan-vpusknoj-633', 630, 'Клапан впускной', '1269', 2, NULL),
(634, 'gidrokompensatory-634', 630, 'Гидрокомпенсаторы', '1216', 2, NULL),
(635, 'klapan-vypusknoj-635', 630, 'Клапан выпускной', '1270', 2, NULL),
(636, 'prokladka-masljanogo-poddona-636', 630, 'Прокладка масляного поддона', '137,455', 2, NULL),
(637, 'polnyj-komplekt-prokladok-637', 630, 'Полный комплект прокладок', '3874,150,560', 2, NULL),
(638, 'prokladka-gbc-638', 630, 'Прокладка ГБЦ', '2995,319,318', 2, NULL),
(639, 'bolt-gbc-639', 630, 'Болт ГБЦ', '1533,1217', 2, NULL),
(640, 'podushka-dvigatelja-640', 630, 'Подушка двигателя', '3871,247', 2, NULL),
(641, 'salnik-raspredvala-641', 630, 'Сальник распредвала', '757', 2, NULL),
(642, 'raspredval-642', 630, 'Распредвал', '566', 2, NULL),
(643, 'shatunnyj-vkladysh-643', 630, 'Шатунный вкладыш', '582', 2, NULL),
(644, 'prokladka-klapannoj-kryshki-644', 630, 'Прокладка клапанной крышки', '321', 2, NULL),
(645, 'salnik-kolenvala-645', 630, 'Сальник коленвала', '572', 2, NULL),
(646, 'turbiny-646', 629, 'Турбины', NULL, 1, NULL),
(647, 'turbina-647', 646, 'Турбина', '2234', 2, NULL),
(648, 'interkuler-648', 646, 'Интеркулер', '468', 2, NULL),
(649, 'remni-cepi-i-natjazhiteli-649', 629, 'Ремни, цепи и натяжители', NULL, 1, NULL),
(650, 'komplekt-grm-650', 649, 'Комплект ГРМ', '307', 2, NULL),
(651, 'remen-grm-651', 649, 'Ремень ГРМ', '306,3569', 2, NULL),
(652, 'natjazhitel-remnja-grm-652', 649, 'Натяжитель ремня ГРМ', '544', 2, NULL),
(653, 'remen-generatora-653', 649, 'Ремень генератора', '1637,10,3568,305,3544', 2, NULL),
(654, 'rolik-natjazhitelja-remnja-grm-654', 649, 'Ролик натяжителя ремня ГРМ', '308,313', 2, NULL),
(655, 'rolik-remnja-generatora-655', 649, 'Ролик ремня генератора', '2138,310,1641,312', 2, NULL),
(656, 'cep-grm-656', 649, 'Цепь ГРМ', '4300,1389,1123,1634', 2, NULL),
(657, 'uspokoitel-cepi-grm-657', 649, 'Успокоитель цепи ГРМ', '1075', 2, NULL),
(658, 'natjazhitel-cepi-grm-658', 649, 'Натяжитель цепи ГРМ', '571,2937', 2, NULL),
(659, 'komplekt-remnja-grm-659', 649, 'Комплект ремня ГРМ', '307', 2, NULL),
(660, 'sistema-vypuska-660', 629, 'Система выпуска', NULL, 1, NULL),
(661, 'prokladka-priemnoj-truby-661', 660, 'Прокладка приемной трубы', '138', 2, NULL),
(662, 'kreplenie-vyhlopnoj-truby-662', 660, 'Крепление выхлопной трубы', '731,1056', 2, NULL),
(663, 'prokladka-katalizatora-663', 660, 'Прокладка катализатора', '518', 2, NULL),
(664, 'vypusknoj-kollektor-664', 660, 'Выпускной коллектор', '1788,1543,5453', 2, NULL),
(665, 'srednij-glushitel-vyhlopnyh-gazov-665', 660, 'Средний глушитель выхлопных газов', '26,3436,4405', 2, NULL),
(666, 'rezonator-666', 660, 'Резонатор', '1237', 2, NULL),
(667, 'glushitel-vyhlopnyh-gazov-667', 660, 'Глушитель выхлопных газов', '3437,4406', 2, NULL),
(668, 'filtry-668', 629, 'Фильтры', NULL, 1, NULL),
(669, 'vozdushnyj-filtr-669', 668, 'Воздушный фильтр', '8', 2, NULL),
(670, 'masljanyj-filtr-670', 668, 'Масляный фильтр', '7', 2, NULL),
(671, 'toplivnyj-filtr-671', 668, 'Топливный фильтр', '9,2944', 2, NULL),
(672, 'toplivnaja-sistema-i-upravlenie-dvigatelem-672', 629, 'Топливная система и управление двигателем', NULL, 1, NULL),
(673, 'datchik-temperatury-ohlazhdajuschej-zhidkosti-673', 672, 'Датчик температуры охлаждающей жидкости', '830', 2, NULL),
(675, 'datchik-detonacii-675', 672, 'Датчик детонации', '3921', 2, NULL),
(676, 'datchik-polozhenija-drosselnoj-zaslonki-676', 672, 'Датчик положения дроссельной заслонки', '3940,1926', 2, NULL),
(677, 'datchik-raspredvala-677', 672, 'Датчик распредвала', '3946', 2, NULL),
(678, 'rulevoj-perekljuchatel-678', 672, 'Рулевой переключатель', '2952', 2, NULL),
(679, 'rashodomer-vozduha-679', 672, 'Расходомер воздуха', '3926', 2, NULL),
(680, 'datchik-davlenija-masla-680', 672, 'Датчик давления масла', '805,1743,3860', 2, NULL),
(681, 'datchik-polozhenija-kolenvala-681', 672, 'Датчик положения коленвала', '3896', 2, NULL),
(682, 'ljambda-zond-682', 672, 'Лямбда-зонд', '3922,3923', 2, NULL),
(683, 'toplivnyj-bak-683', 672, 'Топливный бак', '453', 2, NULL),
(684, 'toplivnyj-nasos-684', 672, 'Топливный насос', '458,3541', 2, NULL),
(686, 'toplivnaja-forsunka-686', 672, 'Топливная форсунка', '3900,3905,3899,3901,3902', 2, NULL),
(687, 'podveska-i-rulevoe-687', NULL, 'Подвеска и Рулевое', NULL, 0, NULL),
(688, 'podveska-688', 687, 'Подвеска', NULL, 1, NULL),
(689, 'amortizatory-689', 688, 'Амортизаторы', '854,28327,3539', 2, NULL),
(690, 'pylnik-amortizatora-690', 688, 'Пыльник амортизатора', '3365,919', 2, NULL),
(691, 'otbojnik-691', 688, 'Отбойник', '', 2, NULL),
(692, 'tarelka-pruzhiny-692', 688, 'Тарелка пружины', '1300', 2, NULL),
(693, 'pruzhina-podveski-693', 688, 'Пружина подвески', '188', 2, NULL),
(694, 'opora-amortizatora-694', 688, 'Опора амортизатора', '1180', 2, NULL),
(695, 'podshipnik-amortizatora-695', 688, 'Подшипник амортизатора', '1626', 2, NULL),
(696, 'sajlentblok-rychaga-696', 688, 'Сайлентблок рычага', '3238,1597,772,2473,4016', 2, NULL),
(697, 'sajlentblok-zadnej-balki-697', 688, 'Сайлентблок задней балки', '1080,1614', 2, NULL),
(698, 'povorotnyj-kulak-698', 688, 'Поворотный кулак', '5113,1159', 2, NULL),
(699, 'rychag-podveski-699', 688, 'Рычаг подвески', '273', 2, NULL),
(701, 'sharovaja-opora-701', 688, 'Шаровая опора', '2462', 2, NULL),
(703, 'podshipnik-stupicy-703', 688, 'Подшипник ступицы', '654,655', 2, NULL),
(704, 'stupica-704', 688, 'Ступица', '54549,54551,653,3522', 2, NULL),
(705, 'stojka-stabilizatora-705', 688, 'Стойка стабилизатора', '3230,3229', 2, NULL),
(706, 'skoba-stabilizatora-706', 688, 'Скоба стабилизатора', '', 2, NULL),
(707, 'vtulka-stabilizatora-707', 688, 'Втулка стабилизатора', '331,1097', 2, NULL),
(708, 'stabilizator-708', 688, 'Стабилизатор', '274', 2, NULL),
(709, 'rulevoe-upravlenie-709', 687, 'Рулевое управление', NULL, 1, NULL),
(710, 'vtulka-majatnika-710', 709, 'Втулка маятника', '507', 2, NULL),
(711, 'salnik-rulevoj-rejki-711', 709, 'Сальник рулевой рейки', '', 2, NULL),
(712, 'vtulka-rulevoj-rejki-712', 709, 'Втулка рулевой рейки', '', 2, NULL),
(713, 'rulevaja-rejka-713', 709, 'Рулевая рейка', '4471,286,3562', 2, NULL),
(714, 'remkomplekt-rulevoj-rejki-714', 709, 'Ремкомплект рулевой рейки', '3080', 2, NULL),
(715, 'majatnik-715', 709, 'Маятник', '507', 2, NULL),
(716, 'pylnik-rulevoj-rejki-716', 709, 'Пыльник рулевой рейки', '2641,195,2640,191', 2, NULL),
(717, 'rulevaja-tjaga-717', 709, 'Рулевая тяга', '51,284,3535', 2, NULL),
(718, 'nakonechnik-rulevoj-tjagi-718', 709, 'Наконечник рулевой тяги', '914', 2, NULL),
(719, 'rulevaja-trapecija-719', 709, 'Рулевая трапеция', '', 2, NULL),
(720, 'filtr-gidrousilitelja-720', 709, 'Фильтр гидроусилителя', '2642,417', 2, NULL),
(721, 'gidrousilitel-rulja-721', 709, 'Гидроусилитель руля', '12', 2, NULL),
(722, 'shlang-vysokogo-davlenija-722', 709, 'Шланг высокого давления', '677', 2, NULL),
(723, 'bachok-gidrousilitelja-723', 709, 'Бачок гидроусилителя', '3145', 2, NULL),
(724, 'shkiv-nasosa-gidrousilitelja-724', 709, 'Шкив насоса гидроусилителя', '4204', 2, NULL),
(725, 'rulevoj-val-725', 709, 'Рулевой вал', '504', 2, NULL),
(726, 'rulevaja-kolonka-726', 709, 'Рулевая колонка', '1211', 2, NULL),
(727, 'korobka-peredach-727', NULL, 'Коробка передач', NULL, 0, NULL),
(728, 'sceplenie-728', 727, 'Сцепление', NULL, 1, NULL),
(729, 'komplekt-sceplenija-729', 728, 'Комплект сцепления', '479', 2, NULL),
(730, 'venec-mahovika-730', 728, 'Венец маховика', '578', 2, NULL),
(731, 'mahovik-731', 728, 'Маховик', '577', 2, NULL),
(732, 'bolt-mahovika-732', 728, 'Болт маховика', '1627', 2, NULL),
(733, 'glavnyj-cilindr-sceplenija-733', 728, 'Главный цилиндр сцепления', '234', 2, NULL),
(734, 'rabochij-cilindr-sceplenija-734', 728, 'Рабочий цилиндр сцепления', '620', 2, NULL),
(735, 'tros-sceplenija-735', 728, 'Трос сцепления', '478', 2, NULL),
(736, 'disk-sceplenija-736', 728, 'Диск сцепления', '262', 2, NULL),
(737, 'korzina-sceplenija-737', 728, 'Корзина сцепления', '261', 2, NULL),
(738, 'vyzhimnoj-podshipnik-sceplenija-738', 728, 'Выжимной подшипник сцепления', '48', 2, NULL),
(739, 'vilka-sceplenija-739', 728, 'Вилка сцепления', '', 2, NULL),
(740, 'zapchasti-transmissii-740', 727, 'Запчасти трансмиссии', NULL, 1, NULL),
(741, 'shrus-741', 740, 'ШРУС', '185,236,5', 2, NULL),
(742, 'salnik-pervichnogo-vala-742', 740, 'Сальник первичного вала', '3808,3427', 2, NULL),
(743, 'salnik-poluosi-743', 740, 'Сальник полуоси', '3015,3806,5085', 2, NULL),
(744, 'prokladka-poddona-akpp-744', 740, 'Прокладка поддона АКПП', '3106', 2, NULL),
(745, 'filtr-masljanyj-akpp-745', 740, 'Фильтр масляный АКПП', '416,3843', 2, NULL),
(746, 'pylnik-shrusa-vnutrennego-746', 740, 'Пыльник шруса внутреннего', '194,2649,193', 2, NULL),
(747, 'podvesnoj-podshipnik-kardana-747', 740, 'Подвесной подшипник кардана', '4345,1420', 2, NULL),
(748, 'elastichnaja-mufta-748', 740, 'Эластичная муфта', '4101,4054', 2, NULL),
(749, 'podshipnik-poluosi-749', 740, 'Подшипник полуоси', '4008,5080,3704', 2, NULL),
(750, 'poluos-750', 740, 'Полуось', '13,3528', 2, NULL),
(751, 'maslo-mkpp-751', 740, 'Масло МКПП', '3225', 2, NULL),
(752, 'maslo-akpp-752', 740, 'Масло АКПП', '3069', 2, NULL),
(753, 'ohlazhdenie-i-otoplenie-753', NULL, 'Охлаждение и Отопление', NULL, 0, NULL),
(754, 'ohlazhdenie-754', 753, 'Охлаждение', NULL, 1, NULL),
(755, 'reshetka-radiatora-755', 754, 'Решетка радиатора', '472', 2, NULL),
(756, 'radiator-ohlazhdenija-dvigatelja-756', 754, 'Радиатор охлаждения двигателя', '470', 2, NULL),
(757, 'radiator-gidrousilitelja-757', 754, 'Радиатор гидроусилителя', '1048', 2, NULL),
(758, 'kryshka-radiatora-758', 754, 'Крышка радиатора', '548', 2, NULL),
(759, 'rasshiritelnyj-bachok-759', 754, 'Расширительный бачок', '397', 2, NULL),
(760, 'kryshka-rasshiritelnogo-bachka-760', 754, 'Крышка расширительного бачка', '56', 2, NULL),
(761, 'termostat-761', 754, 'Термостат', '4665,316,3784', 2, NULL),
(762, 'korpus-termostata-762', 754, 'Корпус термостата', '1792', 2, NULL),
(763, 'ventiljator-sistemy-ohlazhdenija-dvigatelja-763', 754, 'Вентилятор системы охлаждения двигателя', '1254,508,4349,2092', 2, NULL),
(764, 'viskomufta-764', 754, 'Вискомуфта', '', 2, NULL),
(765, 'kozhuh-ventiljatora-765', 754, 'Кожух вентилятора', '2323', 2, NULL),
(766, 'elektrodvigatel-ventiljatora-766', 754, 'Электродвигатель вентилятора', '', 2, NULL),
(767, 'diffuzor-ventiljatora-767', 754, 'Диффузор вентилятора', '2092', 2, NULL),
(768, 'vodjanoj-nasos-768', 754, 'Водяной насос', '1260,3096,4172', 2, NULL),
(769, 'shkiv-pompy-769', 754, 'Шкив помпы', '', 2, NULL),
(770, 'shlang-radiatora-770', 754, 'Шланг радиатора', '', 2, NULL),
(771, 'patrubok-radiatora-771', 754, 'Патрубок радиатора', '475', 2, NULL),
(772, 'ohladitel-masla-772', 754, 'Охладитель масла', '469', 2, NULL),
(773, 'sistema-kondicionirovanija-773', 753, 'Система кондиционирования', NULL, 1, NULL),
(774, 'isparitel-774', 773, 'Испаритель', '2898,471', 2, NULL),
(775, 'mufta-kompressora-kondicionera-775', 773, 'Муфта компрессора кондиционера', '', 2, NULL),
(776, 'shkiv-kompressora-776', 773, 'Шкив компрессора', '', 2, NULL),
(777, 'kompressor-kondicionera-777', 773, 'Компрессор кондиционера', '2842,447', 2, NULL),
(778, 'klapan-kompressora-kondicionera-778', 773, 'Клапан компрессора кондиционера', '183,2815', 2, NULL),
(779, 'ventiljator-radiatora-kondicionera-779', 773, 'Вентилятор радиатора кондиционера', '1254', 2, NULL),
(780, 'radiator-kondicionera-780', 773, 'Радиатор кондиционера', '2843,448', 2, NULL),
(781, 'osushitel-kondicionera-781', 773, 'Осушитель кондиционера', '2896,851', 2, NULL),
(782, 'filtr-salona-782', 773, 'Фильтр салона', '4393,424', 2, NULL),
(783, 'sistema-otoplenija-783', 753, 'Система отопления', NULL, 1, NULL),
(784, 'radiator-otopitelja-784', 783, 'Радиатор отопителя', '467', 2, NULL),
(785, 'ventiljator-salona-785', 783, 'Вентилятор салона', '2669,4350,793,2813', 2, NULL),
(786, 'elektrika-i-osveschenie-786', NULL, 'Электрика и Освещение', NULL, 0, NULL),
(787, 'elektrika--787', 786, 'Электрика ', NULL, 1, NULL),
(788, 'akkumuljator-788', 787, 'Аккумулятор', '4961,2984,1,3465', 2, NULL),
(789, 'bendiks-startera-789', 787, 'Бендикс стартера', '1530', 2, NULL),
(790, 'starter-790', 787, 'Стартер', '2', 2, NULL),
(791, 'remkomplekt-startera-791', 787, 'Ремкомплект стартера', '1676,1670,1594,2187', 2, NULL),
(792, 'vtjagivajuschee-rele-startera-792', 787, 'Втягивающее реле стартера', '682', 2, NULL),
(793, 'shkiv-generatora-793', 787, 'Шкив генератора', '1108', 2, NULL),
(794, 'mufta-generatora-794', 787, 'Муфта генератора', '2267', 2, NULL),
(795, 'rele-reguljatora-generatora-795', 787, 'Реле регулятора генератора', '288', 2, NULL),
(796, 'generator-796', 787, 'Генератор', '4', 2, NULL),
(797, 'datchik-temperatury-topliva-797', 787, 'Датчик температуры топлива', '3943', 2, NULL),
(798, 'datchik-vneshnej-temperatury-798', 787, 'Датчик внешней температуры', '2054,1186', 2, NULL),
(799, 'datchik-ugla-povorota-rulja-799', 787, 'Датчик угла поворота руля', '3252', 2, NULL),
(800, 'datchik-vkljuchenija-stop-signala-800', 787, 'Датчик включения стоп сигнала', '806', 2, NULL),
(801, 'datchik-dozhdja-801', 787, 'Датчик дождя', '2275,2276', 2, NULL),
(802, 'datchik-urovnja-tormoznoj-zhidkosti-802', 787, 'Датчик уровня тормозной жидкости', '', 2, NULL),
(803, 'datchik-uskorenija-803', 787, 'Датчик ускорения', '', 2, NULL),
(804, 'datchik-holostogo-hoda-804', 787, 'Датчик холостого хода', '', 2, NULL),
(805, 'datchik-prodolnogo-uskorenija-805', 787, 'Датчик продольного ускорения', '586,585,3097', 2, NULL),
(806, 'datchik-rashoda-vozduha-806', 787, 'Датчик расхода воздуха', '3926', 2, NULL),
(807, 'datchik-davlenija-podachi-topliva-807', 787, 'Датчик давления подачи топлива', '817,3942', 2, NULL),
(808, 'datchik-urovnja-masla-808', 787, 'Датчик уровня масла', '1383,1289', 2, NULL),
(809, 'datchik-urovnja-topliva-809', 787, 'Датчик уровня топлива', '1409', 2, NULL),
(810, 'datchik-temperatury-salona-810', 787, 'Датчик температуры салона', '832', 2, NULL),
(811, 'datchik-skorosti-811', 787, 'Датчик скорости', '1189,1190', 2, NULL),
(812, 'datchik-urovnja-ohlazhdajuschej-zhidkosti-812', 787, 'Датчик уровня охлаждающей жидкости', '1412', 2, NULL),
(813, 'datchik-parktronika-813', 787, 'Датчик парктроника', '2623,2412', 2, NULL),
(814, 'klapan-holostogo-hoda-814', 787, 'Клапан холостого хода', '', 2, NULL),
(815, 'datchik-holla-815', 787, 'Датчик холла', '', 2, NULL),
(816, 'datchik-temperatury-vyhlopnyh-gazov-816', 787, 'Датчик температуры выхлопных газов', '3938', 2, NULL),
(817, 'datchik-zadnego-hoda-817', 787, 'Датчик заднего хода', '3430,3431', 2, NULL),
(818, 'datchik-poperechnogo-uskorenija-818', 787, 'Датчик поперечного ускорения', '', 2, NULL),
(819, 'osveschenie-819', 786, 'Освещение', NULL, 1, NULL),
(820, 'povorotnik-820', 819, 'Поворотник', '3456,900', 2, NULL),
(821, 'lampa-gabaritnyh-ognej-821', 819, 'Лампа габаритных огней', '2775,2126,2783', 2, NULL),
(822, 'lampa-protivotumannoj-fary-822', 819, 'Лампа противотуманной фары', '108,2992,2994', 2, NULL),
(823, 'lampa-zadnego-hoda-823', 819, 'Лампа заднего хода', '114,2784', 2, NULL),
(824, 'lampa-blizhnego-sveta-824', 819, 'Лампа ближнего света', '107,2502,104,2769', 2, NULL),
(825, 'lampa-dalnego-sveta-825', 819, 'Лампа дальнего света', '106,2774', 2, NULL),
(826, 'lampa-stopov--826', 819, 'Лампа стопов ', '110,2771,111,2773', 2, NULL),
(827, 'osnovnaja-fara-827', 819, 'Основная фара', '259,2482', 2, NULL),
(828, 'zadnij-fonar-828', 819, 'Задний фонарь', '391,2492', 2, NULL),
(829, 'fonar-ukazatelja-povorota-829', 819, 'Фонарь указателя поворота', '54528,54535,54538,54541,54545,54291,54292,54293,54294,54295,54296,54297,54298,54299,54301,54303,54311,54317,54331,62,54334,54395,54404,54426,54458,54459,54460,2504,54474,54482,54489,54490,54491,54493,54505,54513,54520,54521,54523', 2, NULL),
(830, 'otrazhatel-830', 819, 'Отражатель', '1093,2501,1478,2877,702,1170,2881,718,2878,710,2879,2180,2876,713,2874,725,2875,2179,28337', 2, NULL),
(831, 'lampa-osveschenija-salona-831', 819, 'Лампа освещения салона', '117', 2, NULL),
(832, 'zadnie-protivotumannye-fary-832', 819, 'Задние противотуманные фары', '291', 2, NULL),
(833, 'komplekt-protivotumannyh-far-833', 819, 'Комплект противотуманных фар', '3331,3332', 2, NULL),
(834, 'hodovye-ogni-834', 819, 'Ходовые огни', '', 2, NULL),
(835, 'protivotumannaja-fara-835', 819, 'Противотуманная фара', '289,2484', 2, NULL),
(836, 'zazhiganie-836', 786, 'Зажигание', NULL, 1, NULL),
(837, 'svechi-zazhiganija-837', 836, 'Свечи зажигания', '5020,686', 2, NULL),
(838, 'svechi-nakalivanija-838', 836, 'Свечи накаливания', '243', 2, NULL),
(839, 'nakonechnik-katushki-zazhiganija-839', 836, 'Наконечник катушки зажигания', '', 2, NULL),
(840, 'katushka-zazhiganija-840', 836, 'Катушка зажигания', '41309,689', 2, NULL),
(841, 'provoda-vysokovoltnye-841', 836, 'Провода высоковольтные', '4947,685', 2, NULL),
(842, 'provoda-zazhiganija-842', 836, 'Провода зажигания', '5676,684', 2, NULL),
(843, 'usilitel-zazhiganija-843', 836, 'Усилитель зажигания', '1218', 2, NULL),
(844, 'zamok-zazhiganija-844', 836, 'Замок зажигания', '1367', 2, NULL),
(845, 'kryshka-raspredelitelja-zazhiganija-845', 836, 'Крышка распределителя зажигания', '692', 2, NULL),
(846, 'trambler-846', 836, 'Трамблер', '692,683,2283', 2, NULL),
(847, 'begunok-raspredelitelja-zazhiganija-847', 836, 'Бегунок распределителя зажигания', '691', 2, NULL),
(848, 'kuzov-i-sostavljajuschie-848', NULL, 'Кузов и Составляющие', NULL, 0, NULL),
(849, 'naruzhnye-chasti-849', 848, 'Наружные части', NULL, 1, NULL),
(850, 'usilitel-bampera-perednego-850', 849, 'Усилитель бампера переднего', '476', 2, NULL),
(851, 'bamper-perednij-zadnij-851', 849, 'Бампер передний / задний', '41311,41312,41313,41314,41315,41316,41317,41350,41378,41380,41381,938,41397,41409,41424,41433,41437', 2, NULL),
(852, 'oblicovka-bampera-852', 849, 'Облицовка бампера', '20,30548,30576,30578,30607,30618,30622,30625,30635,30381,30382,30383,30384,30385,30386,30387,30388', 2, NULL),
(853, 'zerkalo-zadnego-vida-853', 849, 'Зеркало заднего вида', '3861,3862,849,3397,1914,1915,2809,2810,3393,3394,50,41697,2801,1299,3565,2800', 2, NULL),
(854, 'kapot-854', 849, 'Капот', '531', 2, NULL),
(855, 'tros-kapota-855', 849, 'Трос капота', '1238', 2, NULL),
(856, 'krylo-perednee-zadnee-856', 849, 'Крыло переднее / заднее', '41245,41246,41247,41248,41249,41250,41281,41282,41290,41297,449', 2, NULL),
(857, 'molding-dveri--857', 849, 'Молдинг двери ', '4127,1005', 2, NULL),
(858, 'panel-perednjaja-858', 849, 'Панель передняя', '208', 2, NULL),
(859, 'ramka-protivotumannoj-fary-859', 849, 'Рамка противотуманной фары', '2872,712', 2, NULL),
(860, 'podkrylnik-860', 849, 'Подкрыльник', '54039,1560,54071,54087,54102,54158', 2, NULL),
(861, 'ruchka-dveri-861', 849, 'Ручка двери', '1373,3719', 2, NULL),
(862, 'steklo-lobovoe-862', 849, 'Стекло лобовое', '1191', 2, NULL),
(863, 'ruchka-kryshki-bagazhnika-863', 849, 'Ручка крышки багажника', '1375', 2, NULL),
(864, 'steklopodemnik--864', 849, 'Стеклоподъемник ', '200', 2, NULL),
(865, 'ruchka-otkryvanija-kapota-865', 849, 'Ручка открывания капота', '', 2, NULL),
(866, 'steklo-dveri--866', 849, 'Стекло двери ', '1194,1193', 2, NULL),
(867, 'vnutrennie-elementy-867', 848, 'Внутренние элементы', NULL, 1, NULL),
(868, 'zamok-kapota-868', 867, 'Замок капота', '1365', 2, NULL),
(869, 'zamok-dveri-869', 867, 'Замок двери', '1361', 2, NULL),
(870, 'zamok-kryshki-bagazhnika-870', 867, 'Замок крышки багажника', '1363', 2, NULL),
(871, 'trosy-871', 848, 'Тросы', NULL, 1, NULL),
(872, 'tros-pedali-gaza-872', 871, 'Трос педали газа', '3911,618', 2, NULL),
(873, 'sistema-stekloochistitelja-873', 848, 'Система стеклоочистителя', NULL, 1, NULL),
(874, 'nasos-omyvatelja-874', 873, 'Насос омывателя', '794,2903', 2, NULL),
(875, 'bachok-omyvatelja-875', 873, 'Бачок омывателя', '', 2, NULL),
(876, 'bachok-stekloomyvatelja-876', 873, 'Бачок стеклоомывателя', '837,2900,1301', 2, NULL),
(877, 'kryshka-bachka-omyvatelja-877', 873, 'Крышка бачка омывателя', '57', 2, NULL),
(878, 'rezinka-schetki-stekloochistitelja-878', 873, 'Резинка щетки стеклоочистителя', '299,3487', 2, NULL),
(879, 'schetka-stekloochistitelja-879', 873, 'Щетка стеклоочистителя', '298,836,4680', 2, NULL),
(880, 'forsunka-stekloomyvatelja--880', 873, 'Форсунка стеклоомывателя ', '1414,303,2901,1280,2902,768', 2, NULL),
(881, 'dvigatel-stekloochistitelja--881', 873, 'Двигатель стеклоочистителя ', '295', 2, NULL),
(882, 'trapecija-stekloochistitelja-882', 873, 'Трапеция стеклоочистителя', '242,3857,841', 2, NULL),
(883, 'mehanizm-stekloochistitelja--883', 873, 'Механизм стеклоочистителя ', '1307,300,36993', 2, NULL),
(884, 'smazki-i-zhidkosti-884', NULL, 'Смазки и Жидкости', NULL, 0, NULL),
(885, 'smazki-885', 884, 'Смазки', NULL, 1, NULL),
(886, 'motornoe-maslo-886', 885, 'Моторное масло', '1862,3224', 2, NULL),
(887, 'zhidkosti-887', 884, 'Жидкости', NULL, 1, NULL),
(888, 'antifriz-888', 887, 'Антифриз', '3356,1602,2079,1863', 2, NULL);

--
-- Дамп данных таблицы `currencies`
--

INSERT INTO `currencies` (`id`, `name`, `ratio`, `code`) VALUES
(1, 'доллар', 27.2, 'USD'),
(2, 'гривна', 1, 'UAH'),
(3, 'евро', 27, 'EUR'),
(4, 'PLN', 7, 'PLN');

--
-- Дамп данных таблицы `delivery_methods`
--

INSERT INTO `delivery_methods` (`id`, `name`, `price`) VALUES
(1, 'Самовывоз', 0),
(3, 'Новая почта', 0),
(4, 'Интайм', 0),
(6, 'Доставка курьером по Киеву', 50),
(7, 'Гюнсел', 0),
(8, 'Деливери', 0),
(10, 'Автолюкс', 0);

--
-- Дамп данных таблицы `discounts`
--

INSERT INTO `discounts` (`id`, `name`, `standart`, `admin_default`) VALUES
(1, 'Стандарт', 0, 1),
(3, 'Опт 1', 0, 0),
(4, 'Опт 2', 0, 0),
(5, 'Опт 3', 1, 0),
(6, 'Опт 4', 0, 0);

--
-- Дамп данных таблицы `discount_limits`
--

INSERT INTO `discount_limits` (`id`, `from`, `to`, `percentage`, `discount_id`) VALUES
(950, 0, 200, 53, 3),
(951, 200, 400, 37, 3),
(952, 400, 800, 34, 3),
(953, 800, 1200, 29, 3),
(954, 1200, 1800, 27, 3),
(955, 1800, 2500, 22, 3),
(956, 2500, 0, 20, 3),
(957, 0, 200, 49, 4),
(958, 200, 400, 34, 4),
(959, 400, 800, 31, 4),
(960, 800, 1200, 26, 4),
(961, 1200, 1800, 24, 4),
(962, 1800, 2500, 21, 4),
(963, 2500, 0, 19, 4),
(964, 0, 200, 59, 1),
(965, 200, 400, 41, 1),
(966, 400, 800, 37, 1),
(967, 800, 1200, 34, 1),
(968, 1200, 1800, 29, 1),
(969, 1800, 2500, 23, 1),
(970, 2500, 0, 22, 1),
(971, 0, 200, 44, 5),
(972, 200, 400, 31, 5),
(973, 400, 800, 28, 5),
(974, 800, 1200, 24, 5),
(975, 1200, 1800, 22, 5),
(976, 1800, 2500, 19, 5),
(977, 2500, 0, 16, 5),
(978, 0, 200, 29, 6),
(979, 200, 600, 21, 6),
(980, 600, 1000, 19, 6),
(981, 1000, 1800, 15, 6),
(982, 1800, 2800, 13, 6),
(983, 2800, 0, 11, 6);

--
-- Дамп данных таблицы `pages`
--

INSERT INTO `pages` (`id`, `syn`, `title`, `meta_keywords`, `meta_description`, `h1_title`, `params`, `content`, `active`) VALUES
(1, 'home', 'автозапчасти, автозапчасти польша,магазин автозапчасти польша, ', 'Магазин автозапчастей польша, купить автозапчасти из польши, интернет- магазин автозапчастей, электронные каталоги, подбор запчасти,запчасти купить польские,автозапчасти на иномарки', 'Вы можете самостоятельно купить автозапчасти оригинальные, а так же не оригинальные без больших временных затрат, выбрать для себя нужную цену.', 'Главная', '', '<p>\n	<strong>Преимущества интернет магазина</strong>&nbsp;<strong>EPARTS</strong></p>\n<p>\n	<b><span style="font-size: 9pt; font-family: Arial, sans-serif;">- Отслеживание состояния заказа автозапчастей онлайн</span></b><span style="font-size: 9pt; font-family: Arial, sans-serif;"> (</span><span lang="RU" style="font-size: 9pt; font-family: Arial, sans-serif;">в</span><span style="font-size: 9pt; font-family: Arial, sans-serif;"> сво</span><span lang="RU" style="font-size: 9pt; font-family: Arial, sans-serif;">ё</span><span style="font-size: 9pt; font-family: Arial, sans-serif;">м личном</span><span lang="RU" style="font-size: 9pt; font-family: Arial, sans-serif;"> кабинете вы отслеживаете на какой стадии готовности ваш товар).<o:p></o:p></span></p>\n<p>\n	<b><span style="font-size: 9pt; font-family: Arial, sans-serif;">- Разнообразные способы оплаты</span></b><span style="font-size: 9pt; font-family: Arial, sans-serif;"> (</span><span lang="RU" style="font-size: 9pt; font-family: Arial, sans-serif;">с любого банка или терминала Украины вы можете сделать оплату товара).<o:p></o:p></span></p>\n<p>\n	<b><span style="font-size: 9pt; font-family: Arial, sans-serif;">- Помощь в подборе оформлении и получении заказа,&nbsp;</span></b><b style="font-size: 12px;"><span style="font-size: 9pt; font-family: Arial, sans-serif;">закрепление персонального менеджера.</span></b></p>\n<p>\n	<b><span style="font-size: 9pt; font-family: Arial, sans-serif;">- Доставка в любую точку Украины&nbsp;</span></b><span lang="RU" style="font-size: 9pt; font-family: Arial, sans-serif;">(отправляем транспортными компаниями: Новая Почта, Интайм, Гюнсел, Деливери).<o:p></o:p></span></p>\n<p>\n	<b><span style="font-size: 9pt; font-family: Arial, sans-serif;">- Широкий выбор по брендам, срокам, ценам&nbsp;</span></b><span lang="RU" style="font-size: 9pt; font-family: Arial, sans-serif;">(более 4млн. автозапчастей на все легковые иномарки).<o:p></o:p></span></p>\n<p>\n	<b><span style="font-size: 9pt; font-family: Arial, sans-serif;">- Адресная-оперативная доставка, в течении двух часов&nbsp;</span></b><span lang="RU" style="font-size: 9pt; font-family: Arial, sans-serif;">(наш водитель, &nbsp;доставит &nbsp;товар в указанные вами сроки).<o:p></o:p></span></p>\n<p>\n	<b><span style="font-size: 9pt; font-family: Arial, sans-serif;">- Наложенный платёж</span></b><span style="font-size: 9pt; font-family: Arial, sans-serif;"> (</span><span lang="RU" style="font-size: 9pt; font-family: Arial, sans-serif;">мы отправляем Вам товар ,</span><span style="font-size: 9pt; font-family: Arial, sans-serif;">оплата по факту получения </span><span lang="RU" style="font-size: 9pt; font-family: Arial, sans-serif;">&nbsp;на вашем отделении транспортной компании</span><span style="font-size: 9pt; font-family: Arial, sans-serif;">)</span><span lang="RU" style="font-size: 9pt; font-family: Arial, sans-serif;">.<o:p></o:p></span></p>\n<p>\n	<span style="font-size:14px;"><strong style="color: rgb(0, 0, 0); font-family: Verdana, Arial, Tahoma, sans-serif; line-height: 18px; margin: 0px; padding: 0px;">Заказывая автозапчасти у нас Вы бережёте своё время и экономите деньги</strong><span style="color: rgb(0, 0, 0); font-family: Verdana, Arial, Tahoma, sans-serif; line-height: 18px;">.</span></span></p>\n<p>\n	<strong style="font-size: 12px;">Рады приветствовать Вас!</strong></p>\n<p>\n	Интернет магазин EPARTS представляет автозапчасти на все виды легковых иномарок. Более 4млн.автозапчастей торговых мировых брендов. К Вашему вниманию широкий спектр товаров, автозапчасти на легковые автомобили, моторные и трансмиссионные масла <strong>Shell, Mobil, Castrol, Elf, Total</strong>&nbsp;на все типы&nbsp; бензиновых и дизельных двигателей. &nbsp;Наши партнёры из ОАЭ, Европы предлагают нам лучшие условия работы на сегодняшний день. Интернет магазин &nbsp;EPARTS предлагает выгодную систему скидок для розницы запчастей,опт автозапчастей. Возможность покупать автозапчасти из польши. У вас есть возможность самостоятельно подобрать оригинальные и неоригинальные автозапчасти на ваш автомобиль. Процедура подбора автозапчастей и покупки автозапчастей проста и удобна. Качественное выполнение сервисного обслуживания магазина автозапчастей &nbsp;EPARTS направлена на удовлетворение потребительского спроса автомобилистов. Покупка запчастей через интернет магазине &nbsp;EPARTS позволяет вам сэкономить время деньги при этом приобрести качественный товар и получить квалифицированную консультацию по автомобилестроению.</p>\n<p>\n	Залогом процветания нашей компании EPARTS является сплочённый коллектив профессионалов в автомобилестроении.</p>\n<p>\n	&nbsp;</p>\n<p>\n	<span style="font-family:arial,helvetica,sans-serif;"><strong>Уважаемые клиенты! Мы благодарны Вам за проявленное доверие.</strong></span></p>\n<p style="margin: 0px 0px 18px; padding: 0px; color: rgb(0, 0, 0); font-family: Verdana, Arial, Tahoma, sans-serif; line-height: 18px;">\n	&nbsp;</p>\n', 1),
(4, 'about', 'купить автозапчасти, автозапчасти заказать', 'Каталоги автозапчастей, выбор автозапчастей, оригинальные запчасти, магазин запчастей, неоригинальные запчасти,\nкупить запчасти,\nзапчастей для иномарок', 'Интернет - магазин автомобильных комплектующих будет очень удобен для вас. У нас вы найдете доступные цены и  огромный выбор автозапчастей.', 'О нас', '', '<p style="text-align: center;">\n	<em><strong><span style="font-size:16px;">О нас</span></strong></em></p>\n<p>\n	<strong>Мы рады приветствовать на нашем сайте автозапчастей !</strong></p>\n<p>\n	&nbsp;</p>\n<p>\n	Компания Епартс на рынке продажи автозапчастей на территории Украины с 2008 года. Около 20 000 клиентов в месяц к нам обращаются за помощью подобрать запчасти на автомобиль. С первого дня предоставления услуг продажи и покупки автозапчастей мы определяем высокие стандарты работы и стремимся усовершенствовать сервис для комфорта наших клиентов, учитывая индивидуальные потребности. Наличие&nbsp; автозапчастей от &nbsp;1000 производителей,20 000&nbsp;000 наименований оригинальные запчасти, не оригинальные автозапчасти. Качество товара подтверждается сертификатами Украины. Возможность возврата товара. Система информирования онлайн ,смс, о скидках , подарках, акциях, накопление средств на остаток суммы предыдущей покупки. Разнообразные способы оплаты заказа. Подбор запчастей по электронному каталогу, подбор запчастей по винкоду. Подбор автозапчасти, оплата и получение заказа не выходя из дома. К каждому клиенту прикрепляется персональный менеджер, который всё сделает за вас. Необходимо только позвонить в интернет магазин Епартс. Благодаря инновационным технологиям наш сайт стал доступен для всех категорий покупателей. Наша компания предлагает автозапчасти оптом, запчасти розница. Одно из направлений нашей работы сотрудничество с СТО, интернет магазинами, концернами. .</p>\n<p>\n	&nbsp;</p>\n<p>\n	Интернет-магазин автозапчастей&nbsp;Eparts предоставляет запчасти для таких марок:&nbsp;AUDI, ALFA ROMEO, BMW, CITROEN, CHRYSLER, CHERY, DAEWOO,&nbsp;FORD,&nbsp;CHEVROLET,&nbsp;HYUNDAI,&nbsp;FIAT,&nbsp;HONDA,&nbsp;KIA,&nbsp;INFINITI,&nbsp;MERCEDES-BENZ,&nbsp;LEXUS,&nbsp;LANCIA,&nbsp;MAZDA,&nbsp;MITSUBISHI,&nbsp;OPEL,&nbsp;RENAULT,&nbsp;PORSCHE,&nbsp;NISSAN,&nbsp;PEUGEOT,&nbsp;SEAT,&nbsp;SAAB,&nbsp;SKODA,SUBARU,&nbsp;SUZUKI.&nbsp;</p>\n<p>\n	&nbsp;</p>\n<p>\n	&nbsp;</p>\n<p>\n	&nbsp;</p>\n<p>\n	Прогорел глушитель, трут колодки, не заводится зимой, летом кипит. &nbsp;Подберём, подскажем и поставим, мы запчасть на ваш автомобиль.</p>\n<p>\n	Пошёл дым из трубы жди беды. Это значит что вот- вот, вас настигнет ремонт. Время не теряйте телефон набирайте:</p>\n<p>\n	(044)361-96-64 &nbsp; &nbsp;(095)053-00-35 &nbsp; (063)631-84-39 &nbsp; (067)291-18-25</p>\n<p>\n	&nbsp; &nbsp; &nbsp; &nbsp; &nbsp; &nbsp; &nbsp; &nbsp; &nbsp; &nbsp; &nbsp; &nbsp; &nbsp; &nbsp; &nbsp; &nbsp; &nbsp; &nbsp; &nbsp; &nbsp; &nbsp; &nbsp; &nbsp; &nbsp; &nbsp; &nbsp; &nbsp; &nbsp; &nbsp; &nbsp; &nbsp; &nbsp; &nbsp; &nbsp; &nbsp; &nbsp; &nbsp; &nbsp; &nbsp; &nbsp; &nbsp; &nbsp; &nbsp; &nbsp; &nbsp; &nbsp; &nbsp; &nbsp; &nbsp; &nbsp; &nbsp; &nbsp; &nbsp; &nbsp; &nbsp; &nbsp; &nbsp; &nbsp; &nbsp; &nbsp; &nbsp; &nbsp; &nbsp; &nbsp; &nbsp; &nbsp; &nbsp; &nbsp; &nbsp; &nbsp; &nbsp;&nbsp;</p>\n<p>\n	&nbsp; &nbsp; &nbsp; &nbsp; &nbsp; &nbsp; &nbsp; &nbsp; &nbsp; &nbsp; &nbsp; &nbsp; &nbsp; &nbsp; &nbsp; &nbsp; &nbsp; &nbsp; &nbsp; &nbsp; &nbsp; &nbsp; &nbsp; &nbsp; &nbsp; &nbsp; &nbsp; &nbsp; &nbsp; &nbsp; &nbsp; &nbsp; &nbsp; &nbsp; &nbsp; &nbsp; &nbsp; &nbsp; &nbsp; &nbsp; &nbsp; &nbsp; &nbsp; &nbsp; &nbsp; &nbsp; &nbsp; &nbsp; &nbsp; &nbsp; &nbsp; &nbsp; &nbsp; &nbsp; &nbsp; &nbsp; &nbsp; &nbsp; &nbsp; &nbsp; &nbsp; &nbsp; &nbsp; &nbsp; &nbsp; &nbsp; &nbsp; &nbsp; &nbsp; &nbsp; &nbsp;&nbsp;</p>\n<p>\n	&nbsp; &nbsp; &nbsp; &nbsp; &nbsp; &nbsp; &nbsp; &nbsp; &nbsp; &nbsp; &nbsp; &nbsp; &nbsp; &nbsp; &nbsp; &nbsp; &nbsp; &nbsp; &nbsp; &nbsp; &nbsp; &nbsp; &nbsp; &nbsp; &nbsp; &nbsp; &nbsp; &nbsp; &nbsp; &nbsp; &nbsp; &nbsp; &nbsp; &nbsp; &nbsp; &nbsp; &nbsp; &nbsp; &nbsp; &nbsp; &nbsp; &nbsp; &nbsp; &nbsp; &nbsp; &nbsp; &nbsp; &nbsp; &nbsp; &nbsp; &nbsp; &nbsp; &nbsp; &nbsp; &nbsp; &nbsp; &nbsp; &nbsp; &nbsp; &nbsp; &nbsp; &nbsp; &nbsp; &nbsp; &nbsp; &nbsp; &nbsp; &nbsp; &nbsp; &nbsp; &nbsp;&nbsp;</p>\n<p>\n	&nbsp;&nbsp;&nbsp;&nbsp;&nbsp;&nbsp;&nbsp;&nbsp;&nbsp;&nbsp;&nbsp;&nbsp;&nbsp;&nbsp;&nbsp;&nbsp;&nbsp;&nbsp;&nbsp;&nbsp;&nbsp;&nbsp;&nbsp;&nbsp;&nbsp;&nbsp;&nbsp;&nbsp;&nbsp;&nbsp;&nbsp;&nbsp;&nbsp;&nbsp;&nbsp;&nbsp;&nbsp;&nbsp;&nbsp;&nbsp;&nbsp;&nbsp;&nbsp;&nbsp;&nbsp;&nbsp; &nbsp;&nbsp;&nbsp;&nbsp;&nbsp;&nbsp;&nbsp;&nbsp;&nbsp;&nbsp;&nbsp;&nbsp;&nbsp;&nbsp;&nbsp;&nbsp;&nbsp;&nbsp;&nbsp;&nbsp;&nbsp;&nbsp;&nbsp;&nbsp;&nbsp;&nbsp;&nbsp;&nbsp;&nbsp;&nbsp;&nbsp;&nbsp;&nbsp;&nbsp;&nbsp;&nbsp;&nbsp;&nbsp;&nbsp;&nbsp;&nbsp;&nbsp;&nbsp;&nbsp;&nbsp;&nbsp;&nbsp;&nbsp;&nbsp;&nbsp;&nbsp;&nbsp;&nbsp;&nbsp;&nbsp;&nbsp;&nbsp;&nbsp;&nbsp;&nbsp;&nbsp;&nbsp;<br />\n	<br />\n	&nbsp;</p>\n<p style="text-align: center;">\n	&nbsp;</p>\n<p>\n	&nbsp;</p>\n<p>\n	&nbsp;</p>\n', 1),
(5, 'promo', 'акции автозапчасти, запчасти акции, акции на автозапчасти', 'Компресор в подарок', 'Компресор в подарок', 'Акции', '', '<p style="text-align: center;">\n	<em><strong><span style="font-size:16px;">Акции</span></strong></em></p>\n<p style="text-align: center;">\n	<img src="http://eparts.kiev.ua/media/img/akcii.jpg" /></p>\n<p>\n	<strong><span style="font-size: 16px;">Акция!&nbsp;</span></strong><span style="font-size: 16px;">Каждому нашему клиенту мы даем скидку 30%. Совершая заказы через нашу корзину заказов</span></p>\n<p>\n	&nbsp;</p>\n<p style="text-align: right;">\n	<span style="font-size:12px;">Акция действует до 28.02.2016</span></p>\n<p style="text-align: right;">\n	&nbsp;</p>\n<p style="text-align: center;">\n	&nbsp;</p>\n<p style="text-align: center;">\n	&nbsp;</p>\n<p style="text-align: center;">\n	&nbsp;</p>\n<p style="text-align: center;">\n	&nbsp;</p>\n<p style="text-align: center;">\n	&nbsp;</p>\n', 1),
(6, 'contacts', 'магазин запчасти контакт, контакт магазин запчасти', 'Менеджер по продажам,\nГрафик работы,\noffice@eparts.kiev.ua,\nИнтернет магазин &amp;amp;amp;amp;amp;amp;amp;amp;amp;amp;amp;amp;amp;amp;amp;amp;amp;amp;amp;amp;amp;amp;amp;amp;amp;amp;amp;amp;amp;amp;amp;amp;amp;amp;amp;amp;amp;amp;amp;amp;amp;amp;amp;amp;a', 'Интернет магазин автозапчастей \n\nАдрес: г. Киев, бул. Ивана Лепсе, 20, 2 эт., ', 'Контакты', '', '<div style="margin: 0px; padding: 0px; color: rgb(0, 0, 0); font-family: Verdana, Arial, Tahoma, sans-serif; line-height: 18px; float: left;">\n	<div>\n		<p>\n			<strong>Интернет магазин&nbsp;&quot;Епартс</strong><strong>&quot; &nbsp; &nbsp; &nbsp; &nbsp; &nbsp; &nbsp; &nbsp; &nbsp; &nbsp; &nbsp; &nbsp; &nbsp; &nbsp; &nbsp; &nbsp; &nbsp; &nbsp; &nbsp; &nbsp; &nbsp; &nbsp; &nbsp; &nbsp; &nbsp; &nbsp; &nbsp; &nbsp; &nbsp; &nbsp; &nbsp;</strong></p>\n	</div>\n	<p>\n		<strong>Адрес:</strong>&nbsp;г. Киев,&nbsp;бул. Ивана Лепсе, 20, 2 эт., оф. 67 &nbsp; &nbsp; &nbsp; &nbsp; &nbsp; &nbsp; &nbsp; &nbsp; &nbsp; &nbsp;</p>\n	<div id="contacts">\n		(044) 361-96-64 &nbsp; &nbsp; &nbsp; &nbsp; &nbsp; &nbsp; &nbsp; &nbsp; &nbsp; &nbsp; &nbsp; &nbsp; &nbsp; &nbsp; &nbsp; &nbsp; &nbsp; &nbsp; &nbsp; &nbsp; &nbsp; &nbsp; &nbsp; &nbsp; &nbsp; &nbsp; &nbsp; &nbsp; &nbsp; &nbsp; &nbsp; &nbsp; &nbsp; &nbsp; &nbsp; &nbsp; &nbsp; &nbsp; &nbsp; &nbsp; &nbsp;&nbsp;<br />\n		(067) 291-18-25<br />\n		(095) 053-00-35<br />\n		(063) 631-84-39</div>\n	<p>\n		<strong>E-mail:&nbsp;</strong></p>\n	<p>\n		<a _fcksavedurl="mailto:mir@eparts.kiev.ua" href="mailto:mir@eparts.kiev.ua">office</a><a _fcksavedurl="mailto:mir@eparts.kiev.ua" href="mailto:mir@eparts.kiev.ua">@eparts.kiev.ua</a></p>\n	<div>\n		<p>\n			<strong>Режим работы:&nbsp;пн-пт</strong>&nbsp;9:00-19:00</p>\n		<p>\n			&nbsp; &nbsp; &nbsp; &nbsp; &nbsp; &nbsp; &nbsp; &nbsp; &nbsp; &nbsp; &nbsp; &nbsp; &nbsp; &nbsp; &nbsp; &nbsp;&nbsp;<strong>сб</strong>&nbsp;<strong>(выходной)</strong></p>\n		<p>\n			<strong>&nbsp; &nbsp; &nbsp; &nbsp; &nbsp; &nbsp; &nbsp; &nbsp; &nbsp; &nbsp; &nbsp; &nbsp; &nbsp; &nbsp; &nbsp; &nbsp; вс (выходной)</strong></p>\n	</div>\n	<p style="text-align: justify;">\n		<strong>&nbsp;</strong><strong>Директор</strong></p>\n	<p style="text-align: justify;">\n		<strong>&nbsp;&nbsp;</strong>Куряков Дмитрий Александрович</p>\n	<p>\n		&nbsp; mir@eparts.kiev.ua</p>\n	<p style="text-align: justify;">\n		&nbsp;</p>\n	<p style="text-align: justify;">\n		<strong>&nbsp;Отдел закупки</strong></p>\n	<p>\n		&nbsp;Бучаков Руслан Юрьевич&nbsp;<img _fcksavedurl="http://www.cycloida.ru/images/icq.gif" alt="" src="http://www.cycloida.ru/images/icq.gif" />&nbsp; &nbsp;&nbsp;686448051</p>\n	<p>\n		&nbsp;(067) 224-77-30</p>\n	<p style="text-align: justify;">\n		&nbsp;</p>\n	<p style="text-align: justify;">\n		<strong style="font-size: 12px;">&nbsp;Руководитель отделения продаж</strong></p>\n	<p style="text-align: justify;">\n		&nbsp; Белявский Максим Валентинович&nbsp;<img _fcksavedurl="http://www.cycloida.ru/images/icq.gif" alt="" src="http://www.cycloida.ru/images/icq.gif" style="text-align: justify;" /><span style="text-align: justify;">&nbsp; &nbsp; 657017608</span></p>\n	<p style="text-align: justify;">\n		<span style="text-align: justify;">&nbsp;</span></p>\n	<p style="text-align: justify;">\n		<strong style="font-size: 12px;">&nbsp;Менеджер по продажам</strong></p>\n	<p>\n		&nbsp; Ураинский Павел Леонидович&nbsp;<img _fcksavedurl="http://www.cycloida.ru/images/icq.gif" alt="" src="http://www.cycloida.ru/images/icq.gif" style="text-align: justify;" /><span style="text-align: justify;">&nbsp; &nbsp;&nbsp;</span>664310275 &nbsp;&nbsp;</p>\n	<p>\n		&nbsp;</p>\n	<p>\n		<strong style="text-align: justify;">&nbsp; Менеджер по продажам</strong></p>\n	<p>\n		<strong style="text-align: justify;">&nbsp;&nbsp;</strong>Пономаренко Алексей Викторович&nbsp;<img _fcksavedurl="http://www.cycloida.ru/images/icq.gif" alt="" src="http://www.cycloida.ru/images/icq.gif" style="text-align: justify;" /><span style="text-align: justify;">&nbsp; &nbsp;&nbsp;</span>694142535</p>\n</div>\n<div style="float: right;">\n	<script type="text/javascript" charset="utf-8" src="//api-maps.yandex.ru/services/constructor/1.0/js/?sid=VgOro1TfXbT9CNO4R0fk4WJuWBMg75sD&width=510&height=450"></script>\n	<div>\n		<div id="YMapsID-2615">\n			&nbsp;</div>\n	</div>\n</div>\n<p>\n	&nbsp;</p>\n<p>\n	&nbsp;</p>\n', 1),
(7, 'howtoorder', 'Заказать оригинальные и неоригинальные ', 'Автозапчасти,  Запчасти,  Купить автозапчасти', 'Как заказать оригинальные и неоригинальные запчасти на ваш автомобиль', 'Как заказать?', '', '<p style="text-align: center;">\n	<em><strong><span style="font-size:16px;">Как заказать?</span></strong></em></p>\n<p>\n	Для заказа запчастей Вы можете использовать наш сайт. Вам необходимо пройти процесс регистрации ,что в последующем даёт возможность покупать автозапчасти со скидкой,накопительной системой и работа с персональным менеджером.</p>\n<p>\n	Так же вы можете связаться с нами по телефону или iсq(смотреть&nbsp;<a _fcksavedurl="../../../../contacts/" href="http://eparts.kiev.ua/contacts/"><strong>контакты</strong></a>) мы поможем Вам подобрать необходимую запчасть ппорекомендовать и проконсультировать по интересующим вопросам.</p>\n<p style="text-align: justify;">\n	&nbsp;&nbsp;&nbsp;&nbsp;&nbsp;&nbsp;&nbsp;&nbsp;&nbsp;&nbsp;&nbsp;&nbsp;&nbsp;&nbsp;&nbsp;&nbsp;&nbsp;&nbsp;&nbsp;&nbsp;&nbsp;&nbsp;&nbsp;&nbsp;&nbsp;&nbsp;&nbsp;&nbsp;&nbsp; &nbsp; &nbsp;&nbsp;<strong>При регистрации вы указываете:</strong></p>\n<p>\n	1.<strong>Имя и фамилия&nbsp;</strong>&ndash; для знакомства с нами.</p>\n<p>\n	2.<strong>Свой логин (login этоваш номер телефона)</strong>&nbsp;&ndash; для идентификации Вас, как клиента в системе.</p>\n<p>\n	3.<strong>Пароль</strong>&nbsp;&ndash; для безопасности данных Вашего профиля и баланса на личном счету.</p>\n<p>\n	4.<strong>Е-mail</strong>&nbsp; &ndash; для получения автоматически рассылаемых уведомлений об изменениях в Ваших заказов.</p>\n<p>\n	5.<strong>Телефон</strong>&nbsp;(городской или мобильный он же может быть&nbsp;<strong>login</strong>&nbsp;) &ndash; для возможности Вашему менеджеру оперативно связаться с Вами &nbsp; &nbsp; &nbsp; &nbsp; &nbsp; &nbsp; &nbsp; &nbsp; &nbsp; &nbsp; &nbsp;</p>\n<p>\n	6.<strong>Город</strong>&nbsp;&ndash; выбирается город в котором Вы живёте, и в который будет осуществляться доставка заказов. &nbsp; &nbsp; &nbsp;&nbsp;</p>\n<p>\n	Заказать запчасти легко. Вам стоит только добавить товар в корзину. Перейти в корзину в правом верхнем углу. Ввести свой номер телефона или нажать на кнопку <strong>регистрация</strong> если вы не авторизированый пользователь.</p>\n', 1),
(8, 'paymentforgoods', 'Способы оплаты товара в магазине запчастей ', 'запчасти каталоги', 'Способы оплаты товара в магазине запчастей ', 'Способы оплаты товара', '', '<p style="text-align: center;">\n	<em><strong><span style="font-size:16px;">Способы оплаты товара</span></strong></em></p>\n<p>\n	<strong>Важная информация !!!</strong></p>\n<p>\n	<strong>В связи с нестабильной ситуацией курса &nbsp;валют в Украине. Запчасти прибывшие в Киев со сроком свыше 4 дней, цены на запчасти будут пересмотрены, согласно курса того дня, когда запчасть пришла к нам на склад.&nbsp;</strong></p>\n<p>\n	&nbsp;</p>\n<p>\n	<strong>Наличный расчет:</strong></p>\n<ul>\n	<li>\n		Оплата заказов осуществляется в гривнах.</li>\n	<li>\n		Оплата за товар в офисе, а так же денежными переводами.</li>\n	<li>\n		Для получения товара в офисе свяжитесь с вашим менеджером</li>\n	<li>\n		<strong>Оплата:</strong>&nbsp;курьеру при получении товара (по Киеву) &nbsp; &nbsp; &nbsp; &nbsp; &nbsp; &nbsp; &nbsp; &nbsp; &nbsp; &nbsp; &nbsp; &nbsp; &nbsp; &nbsp; &nbsp; &nbsp; &nbsp; &nbsp; &nbsp; &nbsp; &nbsp; &nbsp; &nbsp; &nbsp; &nbsp; &nbsp;</li>\n</ul>\n<p>\n	<strong>Безналичный расчет:</strong></p>\n<p>\n	Для получения счета вам необходимо связаться с&nbsp;<strong>офис-менеджером&nbsp;</strong></p>\n<p>\n	по тел. (044)361-96-64, (067)291-18-25 или направить свой запрос на e-mail: office@eparts.kiev.ua</p>\n<p>\n	Счет на безналичную оплату выставляется только на подтвержденные заявки. В примечании платежа обязательно укажите свой (<strong>login номер телефона)</strong>&nbsp;и номер заказа. Выставленный счет на оплату по безналичному расчету действует в течение трёх банковских дней. В случае неуплаты в указанный срок, необходимо запросить перевыставление счета.</p>\n<p style="text-align: justify;">\n	<strong>Наши реквизиты: &nbsp; &nbsp; &nbsp; &nbsp; &nbsp; &nbsp; &nbsp; &nbsp; &nbsp; &nbsp; &nbsp; &nbsp; &nbsp; &nbsp; &nbsp; &nbsp; &nbsp; &nbsp; &nbsp; &nbsp; &nbsp; &nbsp; &nbsp; &nbsp; &nbsp; &nbsp; &nbsp; &nbsp;</strong><strong>&nbsp;&nbsp;</strong></p>\n<p style="text-align: justify;">\n	Банк: ЗАТ&nbsp;КБ&nbsp;&quot;ПриватБанк&quot; &nbsp; &nbsp; &nbsp; &nbsp; &nbsp; &nbsp; &nbsp; &nbsp; &nbsp; &nbsp; &nbsp; &nbsp; &nbsp; &nbsp; &nbsp; &nbsp; &nbsp; &nbsp; &nbsp; &nbsp; &nbsp; &nbsp;</p>\n<p style="text-align: justify;">\n	Р/р:26005052612488 &nbsp; &nbsp; &nbsp; &nbsp; &nbsp; &nbsp; &nbsp; &nbsp; &nbsp; &nbsp; &nbsp; &nbsp; &nbsp; &nbsp; &nbsp;&nbsp;</p>\n<p style="text-align: justify;">\n	МФО: 320649 &nbsp; &nbsp; &nbsp; &nbsp; &nbsp; &nbsp; &nbsp; &nbsp; &nbsp; &nbsp; &nbsp; &nbsp; &nbsp; &nbsp;&nbsp;</p>\n<p style="text-align: justify;">\n	ЕДРПОУ: 3148914657 &nbsp; &nbsp; &nbsp; &nbsp; &nbsp; &nbsp; &nbsp; &nbsp; &nbsp; &nbsp; &nbsp;</p>\n<p style="text-align: justify;">\n	к общей сумме +5% &nbsp;</p>\n<p style="text-align: justify;">\n	<strong>Мгновенная карта &quot;ПриватБанк&quot;&nbsp;</strong></p>\n<p style="text-align: justify;">\n	<span style="font-size: 12px;">5168742022576270&nbsp;</span></p>\n<p style="text-align: justify;">\n	<span style="font-size: 12px;">Курякова Людмила Николаевна</span></p>\n<p style="text-align: justify;">\n	<strong>В назначении платежа указывайте свою фамилию.Перезвоните своему менеджеру и сообщите об оплате.</strong><strong>&nbsp;</strong></p>\n<p>\n	&nbsp;</p>\n<div style="padding: 15px; text-align: center;">\n	<a href="https://www.privat24.ua/" target="_blank" title="PRIVAT 24"><img src="http://eparts.kiev.ua/media/img/privat24_btn.png" /></a></div>\n', 1),
(9, 'shippinginfo', 'Информация о доставке товара магазина запчастей ', 'запчасти', 'Информация о доставке товара магазина запчастей ', 'Информация о доставке', '', '<p style="text-align: center;">\n	<strong><em><span style="font-size:16px;">Информация о доставке</span></em></strong></p>\n<ul>\n	<li style="text-align: justify;">\n		<strong>Самовывоз заказанного</strong>&nbsp;вами товара осуществляется в офисе нашей компании с 9.30-19.00. Если товар заказан до 14.00 со сроком 1 день, выдача этого товара осуществляется в этот день c 18.00-19.00. Заказы после 14.00 со сроком 1 день выдача на следующий день с 11.00.</li>\n</ul>\n<p style="text-align: justify;">\n	&nbsp;</p>\n<ul>\n	<li style="text-align: justify;">\n		<strong>Доставка&nbsp;</strong><strong>по Киеву</strong>&nbsp;осуществляется курьерской службой нашей компании в течении 2-ух часов (сумма заказа не менее 200грн) при наличии товара на складе. Стоимость&nbsp;<nobr></nobr><nobr>доставки&nbsp;</nobr>по Киеву -&nbsp;<strong>Правый берег 30грн &nbsp;, Левый берег 50грн</strong></li>\n</ul>\n<p style="text-align: justify;">\n	&nbsp;</p>\n<ul>\n	<li style="text-align: justify;">\n		<strong>Доставка по регионам и областям</strong>, транспортными компаниями&nbsp;<strong>&quot;Новая Почта&quot;</strong>,&nbsp;<strong>&quot;Ин-тайм&quot;</strong>,&nbsp;<strong>&quot;Гюнсел&quot;</strong>,&nbsp;<strong>&laquo;Автолюкс&raquo;</strong>&nbsp;. После отправки мы сообщим Вам номер декларации и дату прибытия.</li>\n</ul>\n<p style="text-align: justify;">\n	&nbsp;</p>\n<ul>\n	<li style="text-align: justify;">\n		<strong>Отправляем товар наложенным</strong>&nbsp;платежом(оплата при получении товара), если сроки ожидания запчасти от 1 до 3дней, с учётом &nbsp;предоплаты.</li>\n</ul>\n<p style="margin-left: 40px; text-align: justify;">\n	<strong>Оплата услуг за перевоз товара осуществляется заказчиком при получении.</strong></p>\n<p style="margin-left: 40px; text-align: justify;">\n	<strong>Страховка:</strong></p>\n<p style="margin-left: 40px; text-align: justify;">\n	По умолчанию, грузы, отправляемые транспортными компаниями, не страхуются. При оформлении заказа клиент должен самостоятельно оценить необходимость страхования отправляемого ему груза. Мы не несем ответственности за повреждение не застрахованного груза в ходе перевозки транспортной компанией, все претензии по поврежденному грузу клиент вправе выставить перевозчику.<strong>Транспортировка хрупких грузов и особенно лобовых стекол осуществляется с обязательной страховкой!!!</strong></p>\n<p style="margin: 0px; line-height: 17px; color: rgb(0, 0, 0); font-family: Verdana, Arial, Helvetica, sans-serif; font-size: 11px;">\n	&nbsp;</p>\n', 1),
(10, 'returnpolicy', 'Политика возврата товара магазина запчастей ', 'запчасти', 'Политика возврата товара магазина запчастей ', 'Политика возврата', '', '<p style="text-align: center;">\n	<em><strong><span style="font-size:16px;">Политика возврата</span></strong></em></p>\n<ul>\n	<li>\n		<nobr>Возврат запчастей</nobr>&nbsp;на наш адрес подлежит предварительному согласованию. Согласование производится с персональным менеджером клиента. Вопрос&nbsp;<nobr>возврата&nbsp;</nobr>может изначально обсуждаться по телефону, но обязательно должен быть продублирован по электронной почте &mdash; любые телефонные переговоры и их результаты не являются легитивными, если они не продублированы по электронной почте.</li>\n</ul>\n<p>\n	&nbsp;</p>\n<ul>\n	<li>\n		<strong>Возврат денежных средств</strong>&nbsp;на карту, или расчётный счёт осуществляется после подтверждения на электронной почте mir@eparts.kiev.ua.Возврат денежных средств перечисляется на реквизиты покупателя данного товара.Указывайте в письме; фамилию, имя, отчество покупателя данного товара, реквизиты. Если у покупателя нет собственных реквизитов на возврат средств, и он хочет воспользоваться посторонними реквизитами. Необходимо указывать фамилию, имя, отчество покупателя с реквизитами того человека на кого будут переведены данные средства. <strong>Возврат денежных средств может длиться от 1-10дней.&nbsp;</strong></li>\n</ul>\n<p>\n	&nbsp;</p>\n<ul>\n	<li>\n		Товар заказанный из США, ОАЭ и Германии&nbsp;<nobr>возврату&nbsp;</nobr>не подлежит.&nbsp;<nobr>Возврат&nbsp;</nobr>принимается при явном несоответствии номера на упаковке и номера детали, а также, если внешний вид и форма запчасти не соответствует заказанной детали.</li>\n</ul>\n<p>\n	&nbsp;</p>\n<ul>\n	<li>\n		<strong>Отказ от всего заказа по причине невыполнения хотя бы одной позиции не рассматривается.</strong></li>\n</ul>\n', 1),
(11, 'wholesalers', 'Запчасти оптом, оптовым покупателям, предложение для опта, опт', 'автозапчасти интернет магазин продажа запчастей купить запчасти', 'Оптовым покупателям, предложение для опта, оптНа сегодняшний день мы являемся мощной поисковой системой на рынке Украины. ', 'Оптовым покупателям', '', '<p style="text-align: center;">\n	<em><strong><span style="font-size:16px;">Оптовым покупателям</span></strong></em></p>\n<p>\n	Уважаемые партнёры!</p>\n<p>\n	Компания Ерартс приглашает к сотрудничеству оптовых покупателей автозапчастей. Свою достойную нишу на рынке компания&nbsp; начала осуществлять с 2008года, за счёт лояльной ценовой политики, качества автозапчасти для иномарок, стремлению и предоставление сервиса по международным стандартам. Благодаря&nbsp; миллионному наименованию автозапчастей, Вы можете подобрать необходимые автомобильные детали. Доступная система поиска сэкономит Ваше время.&nbsp; Накопительная программа, скидка &nbsp;в зависимости от заказа, разнообразные приятные бонусы дополнят наши партнёрские взаимоотношения. Ведущий менеджер Ваших заказов поможет осуществить покупку на взаемовыгодных условиях &nbsp;в кратчайшие сроки. Нет не решённых вопросов, когда две стороны заинтересованы в совместной работе. Мы ценим нашего покупателя и благодарим за проявленное к нам доверие.</p>\n<p>\n	На нашем сайте Вы можете сами подобрать &nbsp;оригинальные и неоригинальные автозапчасти:</p>\n<ol>\n	<li>\n		по номеру запчасти</li>\n	<li>\n		характеристикам автомобиля</li>\n	<li>\n		&nbsp;запрос менеджеру</li>\n</ol>\n<p>\n	После оформления заказа вы можете в онлайн режиме отслеживать цену, наличие и сроки по товару.</p>\n<p>\n	<strong>Таблица скидок</strong></p>\n<p>\n	ОПТ 1&nbsp; от 4500грн</p>\n<p>\n	ОПТ 2&nbsp; от 6600грн</p>\n<p>\n	ОПТ 3&nbsp; от 15400грн</p>\n<p>\n	ОПТ 4&nbsp; от 33000грн</p>\n<p>\n	&nbsp;</p>\n<p>\n	Обратитесь к менеджеру для регистрации, получите собственный логин и пароль.Желаем долгосрочного и плодородного сотрудничества.</p>\n', 1),
(12, 'suppliers', 'Информация для поставщиков, интернет магазин автозапчастей', 'Автозапчасти,  Запчасти,  Купить автозапчасти', 'Интернет - магазин «Мир автозапчастей» приглашает вас к сотрудничеству. С большим вниманием мы рассмотрим все ваши предложения о сотрудничестве.', 'Поставщикам', '', '<p style="text-align: center;">\n	<em><strong><span style="font-size:16px;">Поставщикам</span></strong></em></p>\n<p>\n	Компания Епартс приглашает к сотрудничеству поставщиков автозапчастей. Мы заинтересованы в расширении ассортимента товаров новых брендов. Наша компания предлагает on-line каталоги для подбора оригинальные автозапчасти не оригинальные запчасти. Система подбора и обработки запчасти до выдачи клиенту компьютеризирована, возможность ошибки исключается. Возможности логистических служб позволяет нам оперативно доставить автозапчасти на территории Украины.</p>\n<p>\n	Предпочтение поставщикам с ассортиментом не менее 500наименований оригинальных не оригинальных запчастей, минимальные сроки поставки товара, доступные цены, информирование о состоянии заказа и различных изменениях, персональный менеджер на связи.</p>\n<p>\n	Мы заинтересованы в совместной работе с новыми поставщиками рассмотрим все предложения.</p>\n<p>\n	C нами можно связаться по email: mir@eparts.kiev.ua, либо по тел.:(067)9506678.</p>\n', 1),
(13, 'original', 'Оригинальные каталоги', '', '', 'Оригинальные каталоги', '', '<p style="text-align: center;">\n	<span style="font-size:36px;">Страница находится на стадии разработки.</span></p>\n', 1);
INSERT INTO `pages` (`id`, `syn`, `title`, `meta_keywords`, `meta_description`, `h1_title`, `params`, `content`, `active`) VALUES
(14, 'sto', 'Наше СТО', 'http://eparts.kiev.ua/sto', 'http://eparts.kiev.ua/sto', 'Наше СТО', '', '<p style="text-align: justify;">\n	<strong>&nbsp; &nbsp; &nbsp; &nbsp; &nbsp; &nbsp; &nbsp; &nbsp; &nbsp; &nbsp; &nbsp; &nbsp; &nbsp; &nbsp; &nbsp; &nbsp; &nbsp; &nbsp;&nbsp;&nbsp;Услуги по замене и ремонту ходовой части</strong></p>\n<p style="text-align: justify;">\n	<strong>&nbsp; &nbsp; &nbsp; &nbsp; &nbsp; &nbsp; &nbsp; &nbsp; &nbsp; &nbsp; &nbsp; &nbsp; &nbsp; &nbsp; &nbsp; &nbsp; &nbsp; &nbsp; &nbsp; &nbsp; &nbsp; &nbsp; &nbsp; &nbsp; &nbsp; &nbsp; &nbsp; &nbsp; &nbsp; ПЕРЕДНЯЯ ПОДВЕСКА</strong></p>\n<table border="1" cellpadding="0" cellspacing="1" style="width:565px;" width="565">\n	<tbody>\n		<tr>\n			<td style="height:25px;">\n				<p align="center">\n					1</p>\n			</td>\n			<td style="height:25px;">\n				<p align="center">\n					Проверка ходовой части &laquo;виз/осм&raquo;&nbsp;</p>\n			</td>\n			<td style="height:25px;">\n				<p align="center">\n					60</p>\n			</td>\n		</tr>\n		<tr>\n			<td style="height:25px;">\n				<p align="center">\n					2</p>\n			</td>\n			<td style="height:25px;">\n				<p align="center">\n					Замена стойки стабилизатора&nbsp;</p>\n			</td>\n			<td style="height:25px;">\n				<p align="center">\n					50</p>\n			</td>\n		</tr>\n		<tr>\n			<td style="height:25px;">\n				<p align="center">\n					3</p>\n			</td>\n			<td style="height:25px;">\n				<p align="center">\n					Замена втулки стабилизатора&nbsp;</p>\n			</td>\n			<td style="height:25px;">\n				<p align="center">\n					60</p>\n			</td>\n		</tr>\n		<tr>\n			<td style="height:25px;">\n				<p align="center">\n					4</p>\n			</td>\n			<td style="height:25px;">\n				<p align="center">\n					Замена сайлентблока рычага&nbsp;</p>\n			</td>\n			<td style="height:25px;">\n				<p align="center">\n					80-140</p>\n			</td>\n		</tr>\n		<tr>\n			<td style="height:25px;">\n				<p align="center">\n					5</p>\n			</td>\n			<td style="height:25px;">\n				<p align="center">\n					Замена маятника&nbsp;</p>\n			</td>\n			<td style="height:25px;">\n				<p align="center">\n					80-120</p>\n			</td>\n		</tr>\n		<tr>\n			<td style="height:25px;">\n				<p align="center">\n					6</p>\n			</td>\n			<td style="height:25px;">\n				<p align="center">\n					Замена рулевого наконечника&nbsp;</p>\n			</td>\n			<td style="height:25px;">\n				<p align="center">\n					60</p>\n			</td>\n		</tr>\n		<tr>\n			<td style="height:25px;">\n				<p align="center">\n					7</p>\n			</td>\n			<td style="height:25px;">\n				<p align="center">\n					Замена шаровой опоры (верхней)&nbsp;</p>\n			</td>\n			<td style="height:25px;">\n				<p align="center">\n					60-160</p>\n			</td>\n		</tr>\n		<tr>\n			<td style="height:25px;">\n				<p align="center">\n					8</p>\n			</td>\n			<td style="height:25px;">\n				<p align="center">\n					Замена шаровой опоры (нижней)</p>\n			</td>\n			<td style="height:25px;">\n				<p align="center">\n					60-160</p>\n			</td>\n		</tr>\n		<tr>\n			<td style="height:25px;">\n				<p align="center">\n					9</p>\n			</td>\n			<td style="height:25px;">\n				<p align="center">\n					Замена рычага (верхнего)&nbsp;</p>\n			</td>\n			<td style="height:25px;">\n				<p align="center">\n					120-140</p>\n			</td>\n		</tr>\n		<tr>\n			<td style="height:25px;">\n				<p align="center">\n					10</p>\n			</td>\n			<td style="height:25px;">\n				<p align="center">\n					Замена рычага (нижнего)&nbsp;</p>\n			</td>\n			<td style="height:25px;">\n				<p align="center">\n					120-140</p>\n			</td>\n		</tr>\n		<tr>\n			<td style="height:25px;">\n				<p align="center">\n					11</p>\n			</td>\n			<td style="height:25px;">\n				<p align="center">\n					Замена рулевой тяги&nbsp;</p>\n			</td>\n			<td style="height:25px;">\n				<p align="center">\n					60</p>\n			</td>\n		</tr>\n		<tr>\n			<td style="height:25px;">\n				<p align="center">\n					12</p>\n			</td>\n			<td style="height:25px;">\n				<p align="center">\n					Регулировка подшипника ступицы&nbsp;</p>\n			</td>\n			<td style="height:25px;">\n				<p align="center">\n					50</p>\n			</td>\n		</tr>\n		<tr>\n			<td style="height:25px;">\n				<p align="center">\n					13</p>\n			</td>\n			<td style="height:25px;">\n				<p align="center">\n					Замена подшипника ступицы</p>\n			</td>\n			<td style="height:25px;">\n				<p align="center">\n					160</p>\n			</td>\n		</tr>\n		<tr>\n			<td style="height:25px;">\n				<p align="center">\n					14</p>\n			</td>\n			<td style="height:25px;">\n				<p align="center">\n					Замена передней ступицы&nbsp;</p>\n			</td>\n			<td style="height:25px;">\n				<p align="center">\n					140</p>\n			</td>\n		</tr>\n		<tr>\n			<td style="height:25px;">\n				<p align="center">\n					15</p>\n			</td>\n			<td style="height:25px;">\n				<p align="center">\n					Замена втулки амортизатора&nbsp;</p>\n			</td>\n			<td style="height:25px;">\n				<p align="center">\n					70</p>\n			</td>\n		</tr>\n		<tr>\n			<td style="height:25px;">\n				<p align="center">\n					16</p>\n			</td>\n			<td style="height:25px;">\n				<p align="center">\n					Замена пружины&nbsp;</p>\n			</td>\n			<td style="height:25px;">\n				<p align="center">\n					160</p>\n			</td>\n		</tr>\n		<tr>\n			<td style="height:25px;">\n				<p align="center">\n					17</p>\n			</td>\n			<td style="height:25px;">\n				<p align="center">\n					Замена амортизатора&nbsp;</p>\n			</td>\n			<td style="height:25px;">\n				<p align="center">\n					150-180</p>\n			</td>\n		</tr>\n		<tr>\n			<td style="height:25px;">\n				<p align="center">\n					18</p>\n			</td>\n			<td style="height:25px;">\n				<p align="center">\n					Замена стойки телескопической&nbsp;</p>\n			</td>\n			<td style="height:25px;">\n				<p align="center">\n					120</p>\n			</td>\n		</tr>\n		<tr>\n			<td style="height:25px;">\n				<p align="center">\n					19</p>\n			</td>\n			<td style="height:25px;">\n				<p align="center">\n					Компьютерная диагностика ходовой&nbsp;</p>\n			</td>\n			<td style="height:25px;">\n				<p align="center">\n					120-160</p>\n			</td>\n		</tr>\n	</tbody>\n</table>\n<p>\n	&nbsp;</p>\n<p>\n	<strong>&nbsp;&nbsp;&nbsp;&nbsp;&nbsp;&nbsp;&nbsp;&nbsp;&nbsp;&nbsp;&nbsp;&nbsp;&nbsp;&nbsp;&nbsp;&nbsp;&nbsp;&nbsp;&nbsp;&nbsp;&nbsp;&nbsp; &nbsp; &nbsp; &nbsp; &nbsp; &nbsp; &nbsp; &nbsp; &nbsp; &nbsp; &nbsp; Услуги по замене и ремонту ходовой части</strong></p>\n<p>\n	<strong>&nbsp; &nbsp; &nbsp; &nbsp; &nbsp; &nbsp; &nbsp; &nbsp; &nbsp; &nbsp; &nbsp; &nbsp; &nbsp; &nbsp; &nbsp; &nbsp; &nbsp; &nbsp; &nbsp; &nbsp; &nbsp; &nbsp; &nbsp; &nbsp; &nbsp; &nbsp; &nbsp; &nbsp; &nbsp; &nbsp; &nbsp; &nbsp; &nbsp; &nbsp; &nbsp;ЗАДНЯЯ ПОДВЕСКА</strong></p>\n<table border="1" cellpadding="0" cellspacing="1" style="width:565px;" width="565">\n	<tbody>\n		<tr>\n			<td style="height:25px;">\n				<p align="center">\n					1</p>\n			</td>\n			<td style="height:25px;">\n				<p align="center">\n					Замена задней балки&nbsp;</p>\n			</td>\n			<td style="height:25px;">\n				<p align="center">\n					450-500</p>\n			</td>\n		</tr>\n		<tr>\n			<td style="height:25px;">\n				<p align="center">\n					2</p>\n			</td>\n			<td style="height:25px;">\n				<p align="center">\n					Замена заднего моста&nbsp;</p>\n			</td>\n			<td style="height:25px;">\n				<p align="center">\n					450-500</p>\n			</td>\n		</tr>\n		<tr>\n			<td style="height:25px;">\n				<p align="center">\n					3</p>\n			</td>\n			<td style="height:25px;">\n				<p align="center">\n					Замена рычага&nbsp;</p>\n			</td>\n			<td style="height:25px;">\n				<p align="center">\n					140</p>\n			</td>\n		</tr>\n		<tr>\n			<td style="height:25px;">\n				<p align="center">\n					4</p>\n			</td>\n			<td style="height:25px;">\n				<p align="center">\n					Замена сайлентблока рычага&nbsp;</p>\n			</td>\n			<td style="height:25px;">\n				<p align="center">\n					80-140</p>\n			</td>\n		</tr>\n		<tr>\n			<td style="height:25px;">\n				<p align="center">\n					5</p>\n			</td>\n			<td style="height:25px;">\n				<p align="center">\n					Замена стойки стабилизатора&nbsp;</p>\n			</td>\n			<td style="height:25px;">\n				<p align="center">\n					50</p>\n			</td>\n		</tr>\n		<tr>\n			<td style="height:25px;">\n				<p align="center">\n					6</p>\n			</td>\n			<td style="height:25px;">\n				<p align="center">\n					Замена втулок стабилизатора&nbsp;</p>\n			</td>\n			<td style="height:25px;">\n				<p align="center">\n					50</p>\n			</td>\n		</tr>\n		<tr>\n			<td style="height:25px;">\n				<p align="center">\n					7</p>\n			</td>\n			<td style="height:25px;">\n				<p align="center">\n					Замена реактивной тяги&nbsp;</p>\n			</td>\n			<td style="height:25px;">\n				<p align="center">\n					100</p>\n			</td>\n		</tr>\n		<tr>\n			<td style="height:25px;">\n				<p align="center">\n					8</p>\n			</td>\n			<td style="height:25px;">\n				<p align="center">\n					Замена втулки реактивной тяги&nbsp;</p>\n			</td>\n			<td style="height:25px;">\n				<p align="center">\n					100</p>\n			</td>\n		</tr>\n		<tr>\n			<td style="height:25px;">\n				<p align="center">\n					9</p>\n			</td>\n			<td style="height:25px;">\n				<p align="center">\n					Регулировка подшипника ступицы&nbsp;</p>\n			</td>\n			<td style="height:25px;">\n				<p align="center">\n					40</p>\n			</td>\n		</tr>\n		<tr>\n			<td style="height:25px;">\n				<p align="center">\n					10</p>\n			</td>\n			<td style="height:25px;">\n				<p align="center">\n					Замена подшипника ступицы&nbsp;</p>\n			</td>\n			<td style="height:25px;">\n				<p align="center">\n					160-240</p>\n			</td>\n		</tr>\n		<tr>\n			<td style="height:25px;">\n				<p align="center">\n					11</p>\n			</td>\n			<td style="height:25px;">\n				<p align="center">\n					Замена подшипника полуоси&nbsp;</p>\n			</td>\n			<td style="height:25px;">\n				<p align="center">\n					160-240</p>\n			</td>\n		</tr>\n		<tr>\n			<td style="height:25px;">\n				<p align="center">\n					12</p>\n			</td>\n			<td style="height:25px;">\n				<p align="center">\n					Замена полуоси&nbsp;</p>\n			</td>\n			<td style="height:25px;">\n				<p align="center">\n					180</p>\n			</td>\n		</tr>\n		<tr>\n			<td style="height:25px;">\n				<p align="center">\n					13</p>\n			</td>\n			<td style="height:25px;">\n				<p align="center">\n					Замена амортизатора&nbsp;</p>\n			</td>\n			<td style="height:25px;">\n				<p align="center">\n					160</p>\n			</td>\n		</tr>\n		<tr>\n			<td style="height:25px;">\n				<p align="center">\n					15</p>\n			</td>\n			<td style="height:25px;">\n				<p align="center">\n					Замена втулок амортизатора&nbsp;</p>\n			</td>\n			<td style="height:25px;">\n				<p align="center">\n					80</p>\n			</td>\n		</tr>\n		<tr>\n			<td style="height:25px;">\n				<p align="center">\n					16</p>\n			</td>\n			<td style="height:25px;">\n				<p align="center">\n					Замена пружины&nbsp;</p>\n			</td>\n			<td style="height:25px;">\n				<p align="center">\n					160</p>\n			</td>\n		</tr>\n		<tr>\n			<td style="height:25px;">\n				<p align="center">\n					17</p>\n			</td>\n			<td style="height:25px;">\n				<p align="center">\n					Замена карданного вала&nbsp;</p>\n			</td>\n			<td style="height:25px;">\n				<p align="center">\n					180-240</p>\n			</td>\n		</tr>\n		<tr>\n			<td style="height:25px;">\n				<p align="center">\n					18</p>\n			</td>\n			<td style="height:25px;">\n				<p align="center">\n					Замена крестовины кард. вала&nbsp;</p>\n			</td>\n			<td style="height:25px;">\n				<p align="center">\n					140</p>\n			</td>\n		</tr>\n		<tr>\n			<td style="height:25px;">\n				<p align="center">\n					19</p>\n			</td>\n			<td style="height:25px;">\n				<p align="center">\n					Замена подвесного подшипника&nbsp;</p>\n			</td>\n			<td style="height:25px;">\n				<p align="center">\n					170</p>\n			</td>\n		</tr>\n		<tr>\n			<td style="height:25px;">\n				<p align="center">\n					20</p>\n			</td>\n			<td style="height:25px;">\n				<p align="center">\n					Замена шруса&nbsp;</p>\n			</td>\n			<td style="height:25px;">\n				<p align="center">\n					140-180</p>\n			</td>\n		</tr>\n		<tr>\n			<td style="height:25px;">\n				<p align="center">\n					21</p>\n			</td>\n			<td style="height:25px;">\n				<p align="center">\n					Замена пыльников шруса&nbsp;</p>\n			</td>\n			<td style="height:25px;">\n				<p align="center">\n					140-180</p>\n			</td>\n		</tr>\n	</tbody>\n</table>\n<p>\n	&nbsp;</p>\n<p>\n	<strong>&nbsp; &nbsp; &nbsp; &nbsp; &nbsp; &nbsp; &nbsp; &nbsp; &nbsp; &nbsp; &nbsp; &nbsp; &nbsp; &nbsp; &nbsp; &nbsp; &nbsp; &nbsp; &nbsp; &nbsp; &nbsp; &nbsp; Услуги по ремонту двигателя и ходовой</strong></p>\n<table border="1" cellpadding="0" cellspacing="1" style="width:565px;" width="565">\n	<tbody>\n		<tr>\n			<td style="height:28px;">\n				<p align="center">\n					№п/п&nbsp;</p>\n			</td>\n			<td style="height:28px;">\n				<p align="center">\n					Наименование работ&nbsp;</p>\n			</td>\n			<td style="height:28px;">\n				<p align="center">\n					Стоимость, грн</p>\n			</td>\n		</tr>\n		<tr>\n			<td style="height:28px;">\n				<p align="center">\n					&nbsp;</p>\n			</td>\n			<td style="height:28px;">\n				<p align="center">\n					Замена ремней:</p>\n			</td>\n			<td style="height:28px;">\n				<p align="center">\n					&nbsp;</p>\n			</td>\n		</tr>\n		<tr>\n			<td style="height:25px;">\n				<p align="center">\n					1</p>\n			</td>\n			<td style="height:25px;">\n				<p align="center">\n					генератора&nbsp;</p>\n			</td>\n			<td style="height:25px;">\n				<p align="center">\n					40-100</p>\n			</td>\n		</tr>\n		<tr>\n			<td style="height:25px;">\n				<p align="center">\n					2</p>\n			</td>\n			<td style="height:25px;">\n				<p align="center">\n					гидроусилителя&nbsp;</p>\n			</td>\n			<td style="height:25px;">\n				<p align="center">\n					40-100</p>\n			</td>\n		</tr>\n		<tr>\n			<td style="height:25px;">\n				<p align="center">\n					3</p>\n			</td>\n			<td style="height:25px;">\n				<p align="center">\n					кондиционера&nbsp;</p>\n			</td>\n			<td style="height:25px;">\n				<p align="center">\n					40-100</p>\n			</td>\n		</tr>\n		<tr>\n			<td style="height:25px;">\n				<p align="center">\n					4</p>\n			</td>\n			<td style="height:25px;">\n				<p align="center">\n					ГРМ&nbsp;</p>\n			</td>\n			<td style="height:25px;">\n				<p align="center">\n					350-1200</p>\n			</td>\n		</tr>\n		<tr>\n			<td style="height:25px;">\n				<p align="center">\n					5</p>\n			</td>\n			<td style="height:25px;">\n				<p align="center">\n					Промывка двигателя&nbsp;</p>\n			</td>\n			<td style="height:25px;">\n				<p align="center">\n					25</p>\n			</td>\n		</tr>\n		<tr>\n			<td style="height:28px;">\n				<p align="center">\n					&nbsp;</p>\n			</td>\n			<td style="height:28px;">\n				<p align="center">\n					<strong>Замена масла:</strong></p>\n			</td>\n			<td style="height:28px;">\n				<p align="center">\n					&nbsp;</p>\n			</td>\n		</tr>\n		<tr>\n			<td style="height:28px;">\n				<p align="center">\n					№п/п&nbsp;</p>\n			</td>\n			<td style="height:28px;">\n				<p align="center">\n					Наименование работ&nbsp;</p>\n			</td>\n			<td style="height:28px;">\n				<p align="center">\n					Стоимость, грн</p>\n			</td>\n		</tr>\n		<tr>\n			<td style="height:25px;">\n				<p align="center">\n					1</p>\n			</td>\n			<td style="height:25px;">\n				<p align="center">\n					Двигателя без промывки&nbsp;</p>\n			</td>\n			<td style="height:25px;">\n				<p align="center">\n					60</p>\n			</td>\n		</tr>\n		<tr>\n			<td style="height:25px;">\n				<p align="center">\n					2</p>\n			</td>\n			<td style="height:25px;">\n				<p align="center">\n					МКПП&nbsp;</p>\n			</td>\n			<td style="height:25px;">\n				<p align="center">\n					60-120</p>\n			</td>\n		</tr>\n		<tr>\n			<td style="height:25px;">\n				<p align="center">\n					3</p>\n			</td>\n			<td style="height:25px;">\n				<p align="center">\n					АКПП&nbsp;</p>\n			</td>\n			<td style="height:25px;">\n				<p align="center">\n					120-220</p>\n			</td>\n		</tr>\n		<tr>\n			<td style="height:25px;">\n				<p align="center">\n					4</p>\n			</td>\n			<td style="height:25px;">\n				<p align="center">\n					заднего моста&nbsp;</p>\n			</td>\n			<td style="height:25px;">\n				<p align="center">\n					60</p>\n			</td>\n		</tr>\n		<tr>\n			<td style="height:28px;">\n				<p align="center">\n					&nbsp;</p>\n			</td>\n			<td style="height:28px;">\n				<p align="center">\n					<strong>Замена фильтров:</strong></p>\n			</td>\n			<td style="height:28px;">\n				<p align="center">\n					&nbsp;</p>\n			</td>\n		</tr>\n		<tr>\n			<td style="height:28px;">\n				<p align="center">\n					№п/п&nbsp;</p>\n			</td>\n			<td style="height:28px;">\n				<p align="center">\n					Наименование работ&nbsp;</p>\n			</td>\n			<td style="height:28px;">\n				<p align="center">\n					Стоимость, грн</p>\n			</td>\n		</tr>\n		<tr>\n			<td style="height:25px;">\n				<p align="center">\n					1</p>\n			</td>\n			<td style="height:25px;">\n				<p align="center">\n					воздушного&nbsp;</p>\n			</td>\n			<td style="height:25px;">\n				<p align="center">\n					20</p>\n			</td>\n		</tr>\n		<tr>\n			<td style="height:25px;">\n				<p align="center">\n					2</p>\n			</td>\n			<td style="height:25px;">\n				<p align="center">\n					топливного&nbsp;</p>\n			</td>\n			<td style="height:25px;">\n				<p align="center">\n					50-220</p>\n			</td>\n		</tr>\n		<tr>\n			<td style="height:25px;">\n				<p align="center">\n					3</p>\n			</td>\n			<td style="height:25px;">\n				<p align="center">\n					Замена помпы&nbsp;</p>\n			</td>\n			<td style="height:25px;">\n				<p align="center">\n					120-300</p>\n			</td>\n		</tr>\n		<tr>\n			<td style="height:28px;">\n				<p align="center">\n					&nbsp;</p>\n			</td>\n			<td style="height:28px;">\n				<p align="center">\n					<strong>Замена радиатора:</strong></p>\n			</td>\n			<td style="height:28px;">\n				<p align="center">\n					&nbsp;</p>\n			</td>\n		</tr>\n		<tr>\n			<td style="height:28px;">\n				<p align="center">\n					№п/п&nbsp;</p>\n			</td>\n			<td style="height:28px;">\n				<p align="center">\n					Наименование работ&nbsp;</p>\n			</td>\n			<td style="height:28px;">\n				<p align="center">\n					Стоимость, грн</p>\n			</td>\n		</tr>\n		<tr>\n			<td style="height:25px;">\n				<p align="center">\n					1</p>\n			</td>\n			<td style="height:25px;">\n				<p align="center">\n					двигателя&nbsp;</p>\n			</td>\n			<td style="height:25px;">\n				<p align="center">\n					160-200</p>\n			</td>\n		</tr>\n		<tr>\n			<td style="height:25px;">\n				<p align="center">\n					2</p>\n			</td>\n			<td style="height:25px;">\n				<p align="center">\n					Замена патрубка системы охлаждения&nbsp;</p>\n			</td>\n			<td style="height:25px;">\n				<p align="center">\n					80-280</p>\n			</td>\n		</tr>\n		<tr>\n			<td style="height:25px;">\n				<p align="center">\n					3</p>\n			</td>\n			<td style="height:25px;">\n				<p align="center">\n					Замена элементов выхлопной системы&nbsp;</p>\n			</td>\n			<td style="height:25px;">\n				<p align="center">\n					80-200</p>\n			</td>\n		</tr>\n		<tr>\n			<td style="height:25px;">\n				<p align="center">\n					4</p>\n			</td>\n			<td style="height:25px;">\n				<p align="center">\n					Замена бензонасоса&nbsp;</p>\n			</td>\n			<td style="height:25px;">\n				<p align="center">\n					60-340</p>\n			</td>\n		</tr>\n		<tr>\n			<td style="height:25px;">\n				<p align="center">\n					5</p>\n			</td>\n			<td style="height:25px;">\n				<p align="center">\n					Замена подушки двигателя&nbsp;</p>\n			</td>\n			<td style="height:25px;">\n				<p align="center">\n					120-200</p>\n			</td>\n		</tr>\n		<tr>\n			<td style="height:25px;">\n				<p align="center">\n					6</p>\n			</td>\n			<td style="height:25px;">\n				<p align="center">\n					Замена стартера&nbsp;</p>\n			</td>\n			<td style="height:25px;">\n				<p align="center">\n					180</p>\n			</td>\n		</tr>\n		<tr>\n			<td style="height:25px;">\n				<p align="center">\n					7</p>\n			</td>\n			<td style="height:25px;">\n				<p align="center">\n					Замена генератора&nbsp;</p>\n			</td>\n			<td style="height:25px;">\n				<p align="center">\n					180-320</p>\n			</td>\n		</tr>\n		<tr>\n			<td style="height:25px;">\n				<p align="center">\n					8</p>\n			</td>\n			<td style="height:25px;">\n				<p align="center">\n					Снятие и установка КПП&nbsp;</p>\n			</td>\n			<td style="height:25px;">\n				<p align="center">\n					400-1200</p>\n			</td>\n		</tr>\n		<tr>\n			<td style="height:25px;">\n				<p align="center">\n					9</p>\n			</td>\n			<td style="height:25px;">\n				<p align="center">\n					Замена комплекта сцепления&nbsp;</p>\n			</td>\n			<td style="height:25px;">\n				<p align="center">\n					400-1300</p>\n			</td>\n		</tr>\n		<tr>\n			<td style="height:25px;">\n				<p align="center">\n					10</p>\n			</td>\n			<td style="height:25px;">\n				<p align="center">\n					Замена рабочего цилиндра сцепления&nbsp;</p>\n			</td>\n			<td style="height:25px;">\n				<p align="center">\n					50-160</p>\n			</td>\n		</tr>\n		<tr>\n			<td style="height:25px;">\n				<p align="center">\n					11</p>\n			</td>\n			<td style="height:25px;">\n				<p align="center">\n					Прокачка сцепления&nbsp;</p>\n			</td>\n			<td style="height:25px;">\n				<p align="center">\n					70</p>\n			</td>\n		</tr>\n	</tbody>\n</table>\n<p>\n	&nbsp;</p>\n<p>\n	<strong>&nbsp; &nbsp; &nbsp; &nbsp; &nbsp; &nbsp; &nbsp; &nbsp; &nbsp; &nbsp; &nbsp; &nbsp; &nbsp; &nbsp; &nbsp; &nbsp; &nbsp; &nbsp; &nbsp; &nbsp; Услуги поремонту и замене тормозной системы</strong></p>\n<table border="1" cellpadding="0" cellspacing="1" style="width:565px;" width="565">\n	<tbody>\n		<tr>\n			<td style="height:29px;">\n				<p align="center">\n					№п/п&nbsp;</p>\n			</td>\n			<td style="height:29px;">\n				<p align="center">\n					Наименование работ&nbsp;</p>\n			</td>\n			<td style="height:29px;">\n				<p align="center">\n					Стоимость, грн</p>\n			</td>\n		</tr>\n		<tr>\n			<td style="height:25px;">\n				<p align="center">\n					1</p>\n			</td>\n			<td style="height:25px;">\n				<p align="center">\n					Прокачка тормозной системы&nbsp;</p>\n			</td>\n			<td style="height:25px;">\n				<p align="center">\n					80</p>\n			</td>\n		</tr>\n		<tr>\n			<td style="height:25px;">\n				<p align="center">\n					2</p>\n			</td>\n			<td style="height:25px;">\n				<p align="center">\n					Замена тормозных шлангов&nbsp;</p>\n			</td>\n			<td style="height:25px;">\n				<p align="center">\n					40-60</p>\n			</td>\n		</tr>\n		<tr>\n			<td style="height:25px;">\n				<p align="center">\n					3</p>\n			</td>\n			<td style="height:25px;">\n				<p align="center">\n					Замена тормозных трубок&nbsp;</p>\n			</td>\n			<td style="height:25px;">\n				<p align="center">\n					40-110</p>\n			</td>\n		</tr>\n		<tr>\n			<td style="height:25px;">\n				<p align="center">\n					4</p>\n			</td>\n			<td style="height:25px;">\n				<p align="center">\n					Замена тормозных колодок&nbsp;</p>\n			</td>\n			<td style="height:25px;">\n				<p align="center">\n					60</p>\n			</td>\n		</tr>\n		<tr>\n			<td style="height:25px;">\n				<p align="center">\n					5</p>\n			</td>\n			<td style="height:25px;">\n				<p align="center">\n					Замена тормозных колодок барабанных&nbsp;</p>\n			</td>\n			<td style="height:25px;">\n				<p align="center">\n					90</p>\n			</td>\n		</tr>\n		<tr>\n			<td style="height:25px;">\n				<p align="center">\n					6</p>\n			</td>\n			<td style="height:25px;">\n				<p align="center">\n					Регулировка ручного тормоза&nbsp;</p>\n			</td>\n			<td style="height:25px;">\n				<p align="center">\n					40</p>\n			</td>\n		</tr>\n		<tr>\n			<td style="height:25px;">\n				<p align="center">\n					7</p>\n			</td>\n			<td style="height:25px;">\n				<p align="center">\n					Замена колодок ручного тормоза&nbsp;</p>\n			</td>\n			<td style="height:25px;">\n				<p align="center">\n					90</p>\n			</td>\n		</tr>\n		<tr>\n			<td style="height:25px;">\n				<p align="center">\n					8</p>\n			</td>\n			<td style="height:25px;">\n				<p align="center">\n					Замена троса ручного тормоза&nbsp;</p>\n			</td>\n			<td style="height:25px;">\n				<p align="center">\n					140-180</p>\n			</td>\n		</tr>\n		<tr>\n			<td style="height:25px;">\n				<p align="center">\n					9</p>\n			</td>\n			<td style="height:25px;">\n				<p align="center">\n					Замена суппорта&nbsp;</p>\n			</td>\n			<td style="height:25px;">\n				<p align="center">\n					80</p>\n			</td>\n		</tr>\n		<tr>\n			<td style="height:25px;">\n				<p align="center">\n					10</p>\n			</td>\n			<td style="height:25px;">\n				<p align="center">\n					Замена рабочего тормозного цилиндра&nbsp;</p>\n			</td>\n			<td style="height:25px;">\n				<p align="center">\n					90</p>\n			</td>\n		</tr>\n		<tr>\n			<td style="height:25px;">\n				<p align="center">\n					11</p>\n			</td>\n			<td style="height:25px;">\n				<p align="center">\n					Замена главного тормозного цилиндра</p>\n			</td>\n			<td style="height:25px;">\n				<p align="center">\n					80-120</p>\n			</td>\n		</tr>\n		<tr>\n			<td style="height:25px;">\n				<p align="center">\n					12</p>\n			</td>\n			<td style="height:25px;">\n				<p align="center">\n					Замена вакуумного усилителя&nbsp;</p>\n			</td>\n			<td style="height:25px;">\n				<p align="center">\n					80-170</p>\n			</td>\n		</tr>\n		<tr>\n			<td style="height:25px;">\n				<p align="center">\n					13</p>\n			</td>\n			<td style="height:25px;">\n				<p align="center">\n					Замена тормозного диска&nbsp;</p>\n			</td>\n			<td style="height:25px;">\n				<p align="center">\n					120</p>\n			</td>\n		</tr>\n		<tr>\n			<td style="height:25px;">\n				<p align="center">\n					14</p>\n			</td>\n			<td style="height:25px;">\n				<p align="center">\n					Профилактика суппорта&nbsp;</p>\n			</td>\n			<td style="height:25px;">\n				<p align="center">\n					60</p>\n			</td>\n		</tr>\n		<tr>\n			<td style="height:25px;">\n				<p align="center">\n					15</p>\n			</td>\n			<td style="height:25px;">\n				<p align="center">\n					Замена тормозной жидкости&nbsp;</p>\n			</td>\n			<td style="height:25px;">\n				<p align="center">\n					90</p>\n			</td>\n		</tr>\n	</tbody>\n</table>\n<p style="text-align: center;">\n	<em><strong>&nbsp; &nbsp; &nbsp; &nbsp; &nbsp; &nbsp; &nbsp; &nbsp; &nbsp;Внимание! Цены на ремонт и диагностику указаны ориентировочные. &nbsp;&nbsp;</strong></em></p>\n<p style="text-align: center;">\n	<em><strong>&nbsp; &nbsp; &nbsp; &nbsp; &nbsp; &nbsp; &nbsp; &nbsp; &nbsp;</strong></em><strong style="text-align: center;"><em>Для более точной информации уточняйте по тел. 0679506678 Дмитрий</em><img alt="" src="/uploads/file/-/фото_3.jpg" style="width: 1296px; height: 968px;" /><img alt="" src="/uploads/file/-/фото_2.jpg" style="width: 1296px; height: 968px;" /></strong></p>\n<p style="text-align: center;">\n	&nbsp;</p>\n<p>\n	<strong><img alt="" src="/uploads/file/-/фото_4_(1).jpg" style="width: 1296px; height: 968px;" /></strong></p>\n', 1);

--
-- Дамп данных таблицы `permissions`
--

INSERT INTO `permissions` (`id`, `name`, `description`) VALUES
(1, 'manage_groups', 'Управление группами пользователей'),
(2, 'manage_users', 'Управление пользователями'),
(3, 'manage_clients', 'Управление клиентами'),
(4, 'delivery', 'Методы доставки'),
(5, 'discount_manage', 'Управление накрутками'),
(6, 'currency', 'Управлять валютами'),
(7, 'suppliers', 'Управление поставщиками'),
(8, 'show_only_own_orders', 'Показывать только свои заказы'),
(9, 'manage_orders', 'Управление заказами'),
(10, 'salary', 'Управление % з/п'),
(11, 'supplier_payments', 'Баланс по поставщику'),
(12, 'client_payments', 'Баланс по клиентам'),
(13, 'crosses', 'Обновление кроссов'),
(14, 'manage_operations', 'Управление операциями загрузки'),
(15, 'tecdoc', 'Редактирование данных TecDoc'),
(16, 'orders_show_manager', 'Отображать менеджера в заказах'),
(17, 'orders_show_salary', 'Отображать з/п в заказах'),
(18, 'orders_show_only_my_salary', 'Показывать все з/п'),
(19, 'orders_show_supplier', 'Показывать поставщика в заказах'),
(20, 'orders_edit_salary', 'Редактировать з/п в заказах'),
(21, 'orders_edit_archive', 'Редактировать "архив" в заказах'),
(22, 'orders_edit_manager', 'Редактировать менеджера в заказах'),
(23, 'orders_edit_supplier', 'Редактировать поставщика в заказах'),
(24, 'orders_edit_state', 'Изменять состояние в заказах'),
(25, 'clients_show_manager', 'Показывать менеджера в клиентах'),
(26, 'clients_show_only_my', 'Показывать только своих клиентов'),
(27, 'clientpayment_add', 'Добавление проплат от клиентов'),
(28, 'orders_show_purchase', 'Показывать цену закупки в заказах'),
(29, 'orders_show_sale', 'Показывать цену продажи в заказах'),
(30, 'orders_edit_purchase', 'Редактировать цену закупки в заказах'),
(31, 'orders_edit_sale', 'Редактировать цену продажи в заказах'),
(32, 'orders_edit_delivery', 'Редактировать цену доставки в заказах'),
(33, 'find_show_supplier', 'Показывать поставщика при поиске'),
(34, 'find_show_purchase', 'Показывать цену закупки при поиске'),
(35, 'find_show_sale', 'Показывать цену продажи при поиске'),
(36, 'clientpayment_delete', 'Удалять проплаты клиентов'),
(37, 'manage_pages', 'Управление страницами'),
(38, 'managerrequest', 'Запросы менеджеру'),
(39, 'orders_show_delivery', 'Показывать стоимость доставки'),
(40, 'orders_delete_orderitem', 'Возможность удалять позиции из заказов'),
(41, 'orders_edit_delivery_days', 'Редактировать ожидание в позициях заказов'),
(42, 'supplierpayment_manage', 'Управление проплатами поставщику'),
(43, 'pricedownload', 'Выгрузка прайсов'),
(44, 'move_items', 'Переместить в заказ'),
(45, 'comments', 'Управлять комментариями и предложениями'),
(46, 'orders_delete', 'Возможность удалять заказы'),
(47, 'supplieract', 'Акт сверки'),
(48, 'manage_settings', 'Управление настройками'),
(49, 'sms_send', 'Отправка СМС'),
(50, 'carsales', 'Автовыкуп'),
(51, 'manage_seodata', 'Управлять СЕО данными');

--
-- Дамп данных таблицы `roles`
--

INSERT INTO `roles` (`id`, `name`, `description`) VALUES
(1, 'login', 'Login privileges, granted after account confirmation'),
(2, 'admin', 'Администратор'),
(3, 'manager', 'Менеджер'),
(4, 'Закупщик', 'Закупщик'),
(5, 'Бухгалтер', 'Бухгалтер'),
(6, 'Старший Менеджер', 'Старший Менеджер'),
(7, 'Владелец', 'Владелец'),
(8, 'IT-Специалист', 'IT-Специалист'),
(9, 'Специалист  1C', 'Специалист  1C'),
(10, 'Руководитель отделения продаж', 'Руководитель отделения продаж'),
(11, 'СЕОО', 'СЕОО');

--
-- Дамп данных таблицы `roles_permissions`
--

INSERT INTO `roles_permissions` (`id`, `role_id`, `permission_id`) VALUES
(1981, 9, 9),
(1982, 9, 11),
(1983, 9, 12),
(1984, 9, 19),
(1985, 9, 21),
(1986, 9, 28),
(1987, 9, 29),
(1988, 9, 33),
(1989, 9, 34),
(1990, 9, 35),
(1991, 9, 39),
(1992, 9, 47),
(2889, 8, 3),
(2890, 8, 4),
(2891, 8, 6),
(2892, 8, 7),
(2893, 8, 9),
(2894, 8, 11),
(2895, 8, 12),
(2896, 8, 14),
(2897, 8, 16),
(2898, 8, 19),
(2899, 8, 22),
(2900, 8, 23),
(2901, 8, 24),
(2902, 8, 25),
(2903, 8, 27),
(2904, 8, 28),
(2905, 8, 29),
(2906, 8, 30),
(2907, 8, 32),
(2908, 8, 33),
(2909, 8, 34),
(2910, 8, 35),
(2911, 8, 36),
(2912, 8, 38),
(2913, 8, 39),
(2914, 8, 41),
(2915, 8, 42),
(2916, 8, 43),
(2917, 8, 47),
(2918, 8, 48),
(2943, 5, 3),
(2944, 5, 4),
(2945, 5, 6),
(2946, 5, 7),
(2947, 5, 9),
(2948, 5, 11),
(2949, 5, 12),
(2950, 5, 14),
(2951, 5, 16),
(2952, 5, 17),
(2953, 5, 18),
(2954, 5, 19),
(2955, 5, 22),
(2956, 5, 23),
(2957, 5, 24),
(2958, 5, 25),
(2959, 5, 27),
(2960, 5, 28),
(2961, 5, 29),
(2962, 5, 30),
(2963, 5, 32),
(2964, 5, 33),
(2965, 5, 34),
(2966, 5, 35),
(2967, 5, 36),
(2968, 5, 38),
(2969, 5, 39),
(2970, 5, 41),
(2971, 5, 42),
(2972, 5, 43),
(2973, 5, 47),
(2974, 5, 48),
(3014, 6, 2),
(3015, 6, 3),
(3016, 6, 4),
(3017, 6, 9),
(3018, 6, 12),
(3019, 6, 14),
(3020, 6, 16),
(3021, 6, 17),
(3022, 6, 18),
(3023, 6, 19),
(3024, 6, 21),
(3025, 6, 22),
(3026, 6, 25),
(3027, 6, 28),
(3028, 6, 29),
(3029, 6, 31),
(3030, 6, 33),
(3031, 6, 34),
(3032, 6, 35),
(3033, 6, 38),
(3034, 6, 43),
(3035, 6, 44),
(3036, 6, 45),
(3037, 6, 49),
(3276, 3, 3),
(3277, 3, 4),
(3278, 3, 8),
(3279, 3, 9),
(3280, 3, 12),
(3281, 3, 16),
(3282, 3, 17),
(3283, 3, 25),
(3284, 3, 28),
(3285, 3, 29),
(3286, 3, 33),
(3287, 3, 34),
(3288, 3, 35),
(3289, 3, 38),
(3290, 3, 43),
(3291, 4, 4),
(3292, 4, 6),
(3293, 4, 7),
(3294, 4, 9),
(3295, 4, 11),
(3296, 4, 12),
(3297, 4, 14),
(3298, 4, 16),
(3299, 4, 19),
(3300, 4, 23),
(3301, 4, 24),
(3302, 4, 25),
(3303, 4, 27),
(3304, 4, 28),
(3305, 4, 29),
(3306, 4, 30),
(3307, 4, 32),
(3308, 4, 33),
(3309, 4, 34),
(3310, 4, 35),
(3311, 4, 38),
(3312, 4, 39),
(3313, 4, 41),
(3314, 4, 42),
(3315, 4, 43),
(3316, 4, 44),
(3317, 4, 47),
(3318, 4, 48),
(3319, 4, 49),
(3343, 10, 2),
(3344, 10, 3),
(3345, 10, 4),
(3346, 10, 9),
(3347, 10, 12),
(3348, 10, 14),
(3349, 10, 16),
(3350, 10, 17),
(3351, 10, 18),
(3352, 10, 19),
(3353, 10, 21),
(3354, 10, 22),
(3355, 10, 25),
(3356, 10, 28),
(3357, 10, 29),
(3358, 10, 31),
(3359, 10, 33),
(3360, 10, 34),
(3361, 10, 35),
(3362, 10, 38),
(3363, 10, 43),
(3364, 10, 44),
(3365, 10, 45),
(3366, 10, 49),
(3367, 2, 1),
(3368, 2, 2),
(3369, 2, 3),
(3370, 2, 4),
(3371, 2, 5),
(3372, 2, 6),
(3373, 2, 7),
(3374, 2, 9),
(3375, 2, 10),
(3376, 2, 11),
(3377, 2, 12),
(3378, 2, 13),
(3379, 2, 14),
(3380, 2, 15),
(3381, 2, 16),
(3382, 2, 17),
(3383, 2, 18),
(3384, 2, 19),
(3385, 2, 20),
(3386, 2, 21),
(3387, 2, 22),
(3388, 2, 23),
(3389, 2, 24),
(3390, 2, 25),
(3391, 2, 27),
(3392, 2, 28),
(3393, 2, 29),
(3394, 2, 30),
(3395, 2, 31),
(3396, 2, 32),
(3397, 2, 33),
(3398, 2, 34),
(3399, 2, 35),
(3400, 2, 36),
(3401, 2, 37),
(3402, 2, 38),
(3403, 2, 39),
(3404, 2, 40),
(3405, 2, 41),
(3406, 2, 42),
(3407, 2, 43),
(3408, 2, 44),
(3409, 2, 45),
(3410, 2, 46),
(3411, 2, 47),
(3412, 2, 48),
(3413, 2, 49),
(3414, 2, 50),
(3415, 2, 51),
(3416, 11, 15),
(3417, 11, 37),
(3418, 11, 51),
(3419, 7, 1),
(3420, 7, 2),
(3421, 7, 3),
(3422, 7, 4),
(3423, 7, 5),
(3424, 7, 6),
(3425, 7, 7),
(3426, 7, 9),
(3427, 7, 10),
(3428, 7, 11),
(3429, 7, 12),
(3430, 7, 13),
(3431, 7, 14),
(3432, 7, 15),
(3433, 7, 16),
(3434, 7, 17),
(3435, 7, 18),
(3436, 7, 19),
(3437, 7, 20),
(3438, 7, 21),
(3439, 7, 22),
(3440, 7, 23),
(3441, 7, 24),
(3442, 7, 25),
(3443, 7, 27),
(3444, 7, 28),
(3445, 7, 29),
(3446, 7, 30),
(3447, 7, 31),
(3448, 7, 32),
(3449, 7, 33),
(3450, 7, 34),
(3451, 7, 35),
(3452, 7, 36),
(3453, 7, 37),
(3454, 7, 38),
(3455, 7, 39),
(3456, 7, 40),
(3457, 7, 41),
(3458, 7, 42),
(3459, 7, 43),
(3460, 7, 44),
(3461, 7, 45),
(3462, 7, 46),
(3463, 7, 47),
(3464, 7, 48),
(3465, 7, 49),
(3466, 7, 51);

--
-- Дамп данных таблицы `roles_users`
--

INSERT INTO `roles_users` (`user_id`, `role_id`) VALUES
(1, 1),
(2, 1),
(3, 1),
(10, 1),
(19, 1),
(26, 1),
(33, 1),
(40, 1),
(41, 1),
(43, 1),
(47, 1),
(48, 1),
(1, 2),
(10, 3),
(33, 3),
(40, 3),
(43, 3),
(47, 3),
(48, 3),
(19, 4),
(2, 7),
(26, 7),
(3, 10),
(41, 11);

--
-- Дамп данных таблицы `salaries`
--

INSERT INTO `salaries` (`id`, `from_id`, `to_id`, `percentage`) VALUES
(1, 1, 2, 100),
(2, 3, 2, 70),
(5, 2, 2, 100),
(10, 3, 3, 30),
(35, 33, 2, 75),
(36, 33, 33, 25),
(43, 40, 2, 75),
(44, 40, 40, 25),
(47, 43, 43, 25),
(48, 43, 2, 75),
(51, 47, 2, 75),
(52, 47, 47, 25),
(53, 48, 2, 75),
(54, 48, 48, 25);

--
-- Дамп данных таблицы `users`
--

INSERT INTO `users` (`id`, `email`, `username`, `name`, `surname`, `password`, `logins`, `last_login`, `dont_show_salary`, `show_salary_only_me`) VALUES
(1, 'admin@eparts.kiev.ua', 'admin', 'Александр', 'Рабазулькин', 'd089339abc1a3b44a5b7e7f88752b2a15785351eab3f0a21d149dfe01c8da5a7', 472, 1453714518, 0, 1),
(2, 'mir@eparts.kiev.ua', 'Eparts', 'Дима', 'Куряков', 'd089339abc1a3b44a5b7e7f88752b2a15785351eab3f0a21d149dfe01c8da5a7', 3111, 1454354432, 0, 1),
(3, 'fargus3000@ukr.net', 'fargus', 'Максим', 'Белявский', 'd089339abc1a3b44a5b7e7f88752b2a15785351eab3f0a21d149dfe01c8da5a7', 838, 1454311222, 0, 0),
(10, 'valera_22@ukr.net', 'Валера', 'Валера', 'Кравчук', 'd089339abc1a3b44a5b7e7f88752b2a15785351eab3f0a21d149dfe01c8da5a7', 722, 1447432851, 0, 0),
(19, 'loookatme@i.ua', 'zakup', 'Руслан', 'Бучаков', 'd089339abc1a3b44a5b7e7f88752b2a15785351eab3f0a21d149dfe01c8da5a7', 526, 1454344177, 0, 0),
(26, 'klnps@ukr.net', 'eparts1', 'Людмила', 'Курякова', 'd089339abc1a3b44a5b7e7f88752b2a15785351eab3f0a21d149dfe01c8da5a7', 5, 1429531199, 0, 1),
(33, 'brown.gl.08@gmail.com', 'brown.gl', 'Павел', 'Украинский', 'd089339abc1a3b44a5b7e7f88752b2a15785351eab3f0a21d149dfe01c8da5a7', 173, 1454311191, 0, 0),
(40, 'Shulya@i.ua', 'eparts2', 'Никита', 'Филипенко', 'd089339abc1a3b44a5b7e7f88752b2a15785351eab3f0a21d149dfe01c8da5a7', 65, 1454311472, 0, 0),
(41, 'office@tehnomir.com.ua', 'epartsandrey', 'Андрей', 'Соколовский', 'd089339abc1a3b44a5b7e7f88752b2a15785351eab3f0a21d149dfe01c8da5a7', 20, 1454063546, 0, 0),
(43, 'alex_ponomarenko@mail.ru', 'areopag86', 'Алексей', 'Пономаренко', 'd089339abc1a3b44a5b7e7f88752b2a15785351eab3f0a21d149dfe01c8da5a7', 36, 1453964943, 0, 0),
(47, 'motodrom@ukr.net', 'Test2', 'Сергей', 'Ефимов', 'd089339abc1a3b44a5b7e7f88752b2a15785351eab3f0a21d149dfe01c8da5a7', 7, 1454051445, 0, 0),
(48, 'fiurer@bigmir.net', 'Test1', 'Алексей Test', 'Наумов', 'd089339abc1a3b44a5b7e7f88752b2a15785351eab3f0a21d149dfe01c8da5a7', 0, NULL, 0, 0);

/*!40101 SET CHARACTER_SET_CLIENT=@OLD_CHARACTER_SET_CLIENT */;
/*!40101 SET CHARACTER_SET_RESULTS=@OLD_CHARACTER_SET_RESULTS */;
/*!40101 SET COLLATION_CONNECTION=@OLD_COLLATION_CONNECTION */;
